EstadoMunicpios,VA_Agropecuria,VA_Indstria,VA_Servios_exclusive_Administrao_Pblica,VA_Administrao_Pblica,VA_Total,regiao,tabela_num,titulo,ano,arquivo,arquivo_path,aba
Pará,24296590644.0,1.1132113318200006e+16,6474338067100003.0,3973614317000002.0,2.400972476610001e+16,2 Araguaia,37,Valor Adicionado Total e por Setores com Administração Pública - 2021 ri araguaia,20,Tabela 37 - Valor Adicionado Total e por Setores com Administração Pública - 2021 ri araguaia,..\..\Desktop\tabelas-powerBI\2 Araguaia\Tabela 37 - Valor Adicionado Total e por Setores com Administração Pública - 2021 ri araguaia.xlsx,Araguaia
RI Araguaia,3530966584.0,2508070298.0,3.881686141e+16,2.548029691e+16,12468752709.0,2 Araguaia,37,Valor Adicionado Total e por Setores com Administração Pública - 2021 ri araguaia,20,Tabela 37 - Valor Adicionado Total e por Setores com Administração Pública - 2021 ri araguaia,..\..\Desktop\tabelas-powerBI\2 Araguaia\Tabela 37 - Valor Adicionado Total e por Setores com Administração Pública - 2021 ri araguaia.xlsx,Araguaia
Água Azul do Norte,239535884.0,123807096.0,6370732.0,123699046.0,550749346.0,2 Araguaia,37,Valor Adicionado Total e por Setores com Administração Pública - 2021 ri araguaia,20,Tabela 37 - Valor Adicionado Total e por Setores com Administração Pública - 2021 ri araguaia,..\..\Desktop\tabelas-powerBI\2 Araguaia\Tabela 37 - Valor Adicionado Total e por Setores com Administração Pública - 2021 ri araguaia.xlsx,Araguaia
Bannach,90752551.0,1597925.0,10287776.0,23317324.0,125955575.0,2 Araguaia,37,Valor Adicionado Total e por Setores com Administração Pública - 2021 ri araguaia,20,Tabela 37 - Valor Adicionado Total e por Setores com Administração Pública - 2021 ri araguaia,..\..\Desktop\tabelas-powerBI\2 Araguaia\Tabela 37 - Valor Adicionado Total e por Setores com Administração Pública - 2021 ri araguaia.xlsx,Araguaia
Conceição do Araguaia,143288707.0,30238537.0,232424593.0,200828223.0,606780059.0,2 Araguaia,37,Valor Adicionado Total e por Setores com Administração Pública - 2021 ri araguaia,20,Tabela 37 - Valor Adicionado Total e por Setores com Administração Pública - 2021 ri araguaia,..\..\Desktop\tabelas-powerBI\2 Araguaia\Tabela 37 - Valor Adicionado Total e por Setores com Administração Pública - 2021 ri araguaia.xlsx,Araguaia
Cumaru do Norte,267033652.0,7678853.0,52184378.0,64964499.0,391861382.0,2 Araguaia,37,Valor Adicionado Total e por Setores com Administração Pública - 2021 ri araguaia,20,Tabela 37 - Valor Adicionado Total e por Setores com Administração Pública - 2021 ri araguaia,..\..\Desktop\tabelas-powerBI\2 Araguaia\Tabela 37 - Valor Adicionado Total e por Setores com Administração Pública - 2021 ri araguaia.xlsx,Araguaia
Floresta do Araguaia,260687232.0,116718934.0,95058266.0,98986173.0,571450604.0,2 Araguaia,37,Valor Adicionado Total e por Setores com Administração Pública - 2021 ri araguaia,20,Tabela 37 - Valor Adicionado Total e por Setores com Administração Pública - 2021 ri araguaia,..\..\Desktop\tabelas-powerBI\2 Araguaia\Tabela 37 - Valor Adicionado Total e por Setores com Administração Pública - 2021 ri araguaia.xlsx,Araguaia
Ourilândia do Norte,95171973.0,574409458.0,230528011.0,167636608.0,106774605.0,2 Araguaia,37,Valor Adicionado Total e por Setores com Administração Pública - 2021 ri araguaia,20,Tabela 37 - Valor Adicionado Total e por Setores com Administração Pública - 2021 ri araguaia,..\..\Desktop\tabelas-powerBI\2 Araguaia\Tabela 37 - Valor Adicionado Total e por Setores com Administração Pública - 2021 ri araguaia.xlsx,Araguaia
Pau D'Arco,56577632.0,3671378.0,1492274.0,36286455.0,111458205.0,2 Araguaia,37,Valor Adicionado Total e por Setores com Administração Pública - 2021 ri araguaia,20,Tabela 37 - Valor Adicionado Total e por Setores com Administração Pública - 2021 ri araguaia,..\..\Desktop\tabelas-powerBI\2 Araguaia\Tabela 37 - Valor Adicionado Total e por Setores com Administração Pública - 2021 ri araguaia.xlsx,Araguaia
Redenção,200284487.0,302558294.0,1238252204.0,392242203.0,2133337186.0,2 Araguaia,37,Valor Adicionado Total e por Setores com Administração Pública - 2021 ri araguaia,20,Tabela 37 - Valor Adicionado Total e por Setores com Administração Pública - 2021 ri araguaia,..\..\Desktop\tabelas-powerBI\2 Araguaia\Tabela 37 - Valor Adicionado Total e por Setores com Administração Pública - 2021 ri araguaia.xlsx,Araguaia
Rio Maria,163334631.0,122405277.0,134987717.0,90737552.0,511465178.0,2 Araguaia,37,Valor Adicionado Total e por Setores com Administração Pública - 2021 ri araguaia,20,Tabela 37 - Valor Adicionado Total e por Setores com Administração Pública - 2021 ri araguaia,..\..\Desktop\tabelas-powerBI\2 Araguaia\Tabela 37 - Valor Adicionado Total e por Setores com Administração Pública - 2021 ri araguaia.xlsx,Araguaia
Santa Maria das Barreiras,337615535.0,442875953.0,147338748.0,104468844.0,1032299081.0,2 Araguaia,37,Valor Adicionado Total e por Setores com Administração Pública - 2021 ri araguaia,20,Tabela 37 - Valor Adicionado Total e por Setores com Administração Pública - 2021 ri araguaia,..\..\Desktop\tabelas-powerBI\2 Araguaia\Tabela 37 - Valor Adicionado Total e por Setores com Administração Pública - 2021 ri araguaia.xlsx,Araguaia
Santana do Araguaia,379315467.0,141633578.0,390569924.0,29170515.0,1203224119.0,2 Araguaia,37,Valor Adicionado Total e por Setores com Administração Pública - 2021 ri araguaia,20,Tabela 37 - Valor Adicionado Total e por Setores com Administração Pública - 2021 ri araguaia,..\..\Desktop\tabelas-powerBI\2 Araguaia\Tabela 37 - Valor Adicionado Total e por Setores com Administração Pública - 2021 ri araguaia.xlsx,Araguaia
São Félix do Xingu,879583556.0,186678979.0,327859578.0,493873676.0,1887995789.0,2 Araguaia,37,Valor Adicionado Total e por Setores com Administração Pública - 2021 ri araguaia,20,Tabela 37 - Valor Adicionado Total e por Setores com Administração Pública - 2021 ri araguaia,..\..\Desktop\tabelas-powerBI\2 Araguaia\Tabela 37 - Valor Adicionado Total e por Setores com Administração Pública - 2021 ri araguaia.xlsx,Araguaia
Sapucaia,5654062.0,69779.0,27619501.0,39682993.0,130821013.0,2 Araguaia,37,Valor Adicionado Total e por Setores com Administração Pública - 2021 ri araguaia,20,Tabela 37 - Valor Adicionado Total e por Setores com Administração Pública - 2021 ri araguaia,..\..\Desktop\tabelas-powerBI\2 Araguaia\Tabela 37 - Valor Adicionado Total e por Setores com Administração Pública - 2021 ri araguaia.xlsx,Araguaia
Tucumã,177158362.0,129965407.0,355165762.0,176936202.0,839225733.0,2 Araguaia,37,Valor Adicionado Total e por Setores com Administração Pública - 2021 ri araguaia,20,Tabela 37 - Valor Adicionado Total e por Setores com Administração Pública - 2021 ri araguaia,..\..\Desktop\tabelas-powerBI\2 Araguaia\Tabela 37 - Valor Adicionado Total e por Setores com Administração Pública - 2021 ri araguaia.xlsx,Araguaia
Xinguara,184086295.0,316852729.0,560779623.0,242664743.0,1304383389.0,2 Araguaia,37,Valor Adicionado Total e por Setores com Administração Pública - 2021 ri araguaia,20,Tabela 37 - Valor Adicionado Total e por Setores com Administração Pública - 2021 ri araguaia,..\..\Desktop\tabelas-powerBI\2 Araguaia\Tabela 37 - Valor Adicionado Total e por Setores com Administração Pública - 2021 ri araguaia.xlsx,Araguaia
Fonte: FAPESPA/IBGE,,,,,,2 Araguaia,37,Valor Adicionado Total e por Setores com Administração Pública - 2021 ri araguaia,20,Tabela 37 - Valor Adicionado Total e por Setores com Administração Pública - 2021 ri araguaia,..\..\Desktop\tabelas-powerBI\2 Araguaia\Tabela 37 - Valor Adicionado Total e por Setores com Administração Pública - 2021 ri araguaia.xlsx,Araguaia
Elaboração: FAPESPA,,,,,,2 Araguaia,37,Valor Adicionado Total e por Setores com Administração Pública - 2021 ri araguaia,20,Tabela 37 - Valor Adicionado Total e por Setores com Administração Pública - 2021 ri araguaia,..\..\Desktop\tabelas-powerBI\2 Araguaia\Tabela 37 - Valor Adicionado Total e por Setores com Administração Pública - 2021 ri araguaia.xlsx,Araguaia
