Par,col,191,12640,73,407,28312,2079,136328,130742,8585,133,29064,regiao,tabela_num,titulo,ano,arquivo,arquivo_path,aba,variavel,valor
RI Guamá,-,-,983,-,-,2399,-,11707,11433,462,-,2233,6 Guamá,5,"Número de Matrículas em Creches e nos Ensinos Pré-escolar, Fundamental e Médio por Dependência Administrativa - 2024 ri guamá",20,"Tabela 5 - Número de Matrículas em Creches e nos Ensinos Pré-escolar, Fundamental e Médio por Dependência Administrativa - 2024 ri guamá","..\..\Desktop\tabelas-powerBI\6 Guamá\Tabela 5 - Número de Matrículas em Creches e nos Ensinos Pré-escolar, Fundamental e Médio por Dependência Administrativa - 2024 ri guamá.xlsx",Guamá,101220,7011.0
Castanhal,-,-,724,-,-,1565,-,3545,7748,424,-,1605,6 Guamá,5,"Número de Matrículas em Creches e nos Ensinos Pré-escolar, Fundamental e Médio por Dependência Administrativa - 2024 ri guamá",20,"Tabela 5 - Número de Matrículas em Creches e nos Ensinos Pré-escolar, Fundamental e Médio por Dependência Administrativa - 2024 ri guamá","..\..\Desktop\tabelas-powerBI\6 Guamá\Tabela 5 - Número de Matrículas em Creches e nos Ensinos Pré-escolar, Fundamental e Médio por Dependência Administrativa - 2024 ri guamá.xlsx",Guamá,101220,782.0
Colares,-,-,-,-,-,-,-,785,-,-,-,-,6 Guamá,5,"Número de Matrículas em Creches e nos Ensinos Pré-escolar, Fundamental e Médio por Dependência Administrativa - 2024 ri guamá",20,"Tabela 5 - Número de Matrículas em Creches e nos Ensinos Pré-escolar, Fundamental e Médio por Dependência Administrativa - 2024 ri guamá","..\..\Desktop\tabelas-powerBI\6 Guamá\Tabela 5 - Número de Matrículas em Creches e nos Ensinos Pré-escolar, Fundamental e Médio por Dependência Administrativa - 2024 ri guamá.xlsx",Guamá,101220,159.0
Curuçá,-,-,5,-,-,7,-,373,147,-,-,-,6 Guamá,5,"Número de Matrículas em Creches e nos Ensinos Pré-escolar, Fundamental e Médio por Dependência Administrativa - 2024 ri guamá",20,"Tabela 5 - Número de Matrículas em Creches e nos Ensinos Pré-escolar, Fundamental e Médio por Dependência Administrativa - 2024 ri guamá","..\..\Desktop\tabelas-powerBI\6 Guamá\Tabela 5 - Número de Matrículas em Creches e nos Ensinos Pré-escolar, Fundamental e Médio por Dependência Administrativa - 2024 ri guamá.xlsx",Guamá,101220,759.0
Igarapé-Açu,-,-,10,-,-,51,-,2171,573,-,-,97,6 Guamá,5,"Número de Matrículas em Creches e nos Ensinos Pré-escolar, Fundamental e Médio por Dependência Administrativa - 2024 ri guamá",20,"Tabela 5 - Número de Matrículas em Creches e nos Ensinos Pré-escolar, Fundamental e Médio por Dependência Administrativa - 2024 ri guamá","..\..\Desktop\tabelas-powerBI\6 Guamá\Tabela 5 - Número de Matrículas em Creches e nos Ensinos Pré-escolar, Fundamental e Médio por Dependência Administrativa - 2024 ri guamá.xlsx",Guamá,101220,416.0
Inhangapi,-,-,-,-,-,-,-,493,-,-,-,-,6 Guamá,5,"Número de Matrículas em Creches e nos Ensinos Pré-escolar, Fundamental e Médio por Dependência Administrativa - 2024 ri guamá",20,"Tabela 5 - Número de Matrículas em Creches e nos Ensinos Pré-escolar, Fundamental e Médio por Dependência Administrativa - 2024 ri guamá","..\..\Desktop\tabelas-powerBI\6 Guamá\Tabela 5 - Número de Matrículas em Creches e nos Ensinos Pré-escolar, Fundamental e Médio por Dependência Administrativa - 2024 ri guamá.xlsx",Guamá,101220,
Magalhães Barata,-,-,-,-,-,-,-,140,-,-,-,-,6 Guamá,5,"Número de Matrículas em Creches e nos Ensinos Pré-escolar, Fundamental e Médio por Dependência Administrativa - 2024 ri guamá",20,"Tabela 5 - Número de Matrículas em Creches e nos Ensinos Pré-escolar, Fundamental e Médio por Dependência Administrativa - 2024 ri guamá","..\..\Desktop\tabelas-powerBI\6 Guamá\Tabela 5 - Número de Matrículas em Creches e nos Ensinos Pré-escolar, Fundamental e Médio por Dependência Administrativa - 2024 ri guamá.xlsx",Guamá,101220,197.0
Maracanã,-,-,-,-,-,-,-,-,-,-,-,-,6 Guamá,5,"Número de Matrículas em Creches e nos Ensinos Pré-escolar, Fundamental e Médio por Dependência Administrativa - 2024 ri guamá",20,"Tabela 5 - Número de Matrículas em Creches e nos Ensinos Pré-escolar, Fundamental e Médio por Dependência Administrativa - 2024 ri guamá","..\..\Desktop\tabelas-powerBI\6 Guamá\Tabela 5 - Número de Matrículas em Creches e nos Ensinos Pré-escolar, Fundamental e Médio por Dependência Administrativa - 2024 ri guamá.xlsx",Guamá,101220,513.0
Marapanim,-,-,26,-,-,42,-,-,80,-,-,-,6 Guamá,5,"Número de Matrículas em Creches e nos Ensinos Pré-escolar, Fundamental e Médio por Dependência Administrativa - 2024 ri guamá",20,"Tabela 5 - Número de Matrículas em Creches e nos Ensinos Pré-escolar, Fundamental e Médio por Dependência Administrativa - 2024 ri guamá","..\..\Desktop\tabelas-powerBI\6 Guamá\Tabela 5 - Número de Matrículas em Creches e nos Ensinos Pré-escolar, Fundamental e Médio por Dependência Administrativa - 2024 ri guamá.xlsx",Guamá,101220,252.0
Santa Izabel do Pará,-,-,48,-,-,219,-,-,1034,-,-,310,6 Guamá,5,"Número de Matrículas em Creches e nos Ensinos Pré-escolar, Fundamental e Médio por Dependência Administrativa - 2024 ri guamá",20,"Tabela 5 - Número de Matrículas em Creches e nos Ensinos Pré-escolar, Fundamental e Médio por Dependência Administrativa - 2024 ri guamá","..\..\Desktop\tabelas-powerBI\6 Guamá\Tabela 5 - Número de Matrículas em Creches e nos Ensinos Pré-escolar, Fundamental e Médio por Dependência Administrativa - 2024 ri guamá.xlsx",Guamá,101220,582.0
Santa Maria do Pará,-,-,26,-,-,76,-,1510,160,-,-,-,6 Guamá,5,"Número de Matrículas em Creches e nos Ensinos Pré-escolar, Fundamental e Médio por Dependência Administrativa - 2024 ri guamá",20,"Tabela 5 - Número de Matrículas em Creches e nos Ensinos Pré-escolar, Fundamental e Médio por Dependência Administrativa - 2024 ri guamá","..\..\Desktop\tabelas-powerBI\6 Guamá\Tabela 5 - Número de Matrículas em Creches e nos Ensinos Pré-escolar, Fundamental e Médio por Dependência Administrativa - 2024 ri guamá.xlsx",Guamá,101220,416.0
Santo Antônio do Tauá,-,-,39,-,-,134,-,-,524,-,-,114,6 Guamá,5,"Número de Matrículas em Creches e nos Ensinos Pré-escolar, Fundamental e Médio por Dependência Administrativa - 2024 ri guamá",20,"Tabela 5 - Número de Matrículas em Creches e nos Ensinos Pré-escolar, Fundamental e Médio por Dependência Administrativa - 2024 ri guamá","..\..\Desktop\tabelas-powerBI\6 Guamá\Tabela 5 - Número de Matrículas em Creches e nos Ensinos Pré-escolar, Fundamental e Médio por Dependência Administrativa - 2024 ri guamá.xlsx",Guamá,101220,237.0
São Caetano de Odivelas,-,-,-,-,-,-,-,220,-,-,-,-,6 Guamá,5,"Número de Matrículas em Creches e nos Ensinos Pré-escolar, Fundamental e Médio por Dependência Administrativa - 2024 ri guamá",20,"Tabela 5 - Número de Matrículas em Creches e nos Ensinos Pré-escolar, Fundamental e Médio por Dependência Administrativa - 2024 ri guamá","..\..\Desktop\tabelas-powerBI\6 Guamá\Tabela 5 - Número de Matrículas em Creches e nos Ensinos Pré-escolar, Fundamental e Médio por Dependência Administrativa - 2024 ri guamá.xlsx",Guamá,101220,363.0
São Domingos do Capim,-,-,12,-,-,36,-,394,119,-,-,-,6 Guamá,5,"Número de Matrículas em Creches e nos Ensinos Pré-escolar, Fundamental e Médio por Dependência Administrativa - 2024 ri guamá",20,"Tabela 5 - Número de Matrículas em Creches e nos Ensinos Pré-escolar, Fundamental e Médio por Dependência Administrativa - 2024 ri guamá","..\..\Desktop\tabelas-powerBI\6 Guamá\Tabela 5 - Número de Matrículas em Creches e nos Ensinos Pré-escolar, Fundamental e Médio por Dependência Administrativa - 2024 ri guamá.xlsx",Guamá,101220,646.0
São Francisco do Pará,-,-,13,-,-,37,-,-,107,-,-,-,6 Guamá,5,"Número de Matrículas em Creches e nos Ensinos Pré-escolar, Fundamental e Médio por Dependência Administrativa - 2024 ri guamá",20,"Tabela 5 - Número de Matrículas em Creches e nos Ensinos Pré-escolar, Fundamental e Médio por Dependência Administrativa - 2024 ri guamá","..\..\Desktop\tabelas-powerBI\6 Guamá\Tabela 5 - Número de Matrículas em Creches e nos Ensinos Pré-escolar, Fundamental e Médio por Dependência Administrativa - 2024 ri guamá.xlsx",Guamá,101220,
São João da Ponta,-,-,-,-,-,-,-,-,-,-,-,-,6 Guamá,5,"Número de Matrículas em Creches e nos Ensinos Pré-escolar, Fundamental e Médio por Dependência Administrativa - 2024 ri guamá",20,"Tabela 5 - Número de Matrículas em Creches e nos Ensinos Pré-escolar, Fundamental e Médio por Dependência Administrativa - 2024 ri guamá","..\..\Desktop\tabelas-powerBI\6 Guamá\Tabela 5 - Número de Matrículas em Creches e nos Ensinos Pré-escolar, Fundamental e Médio por Dependência Administrativa - 2024 ri guamá.xlsx",Guamá,101220,76.0
São Miguel do Guamá,-,-,5,-,-,85,-,-,260,-,-,55,6 Guamá,5,"Número de Matrículas em Creches e nos Ensinos Pré-escolar, Fundamental e Médio por Dependência Administrativa - 2024 ri guamá",20,"Tabela 5 - Número de Matrículas em Creches e nos Ensinos Pré-escolar, Fundamental e Médio por Dependência Administrativa - 2024 ri guamá","..\..\Desktop\tabelas-powerBI\6 Guamá\Tabela 5 - Número de Matrículas em Creches e nos Ensinos Pré-escolar, Fundamental e Médio por Dependência Administrativa - 2024 ri guamá.xlsx",Guamá,101220,967.0
Terra Alta,-,-,12,-,-,22,-,254,58,-,-,-,6 Guamá,5,"Número de Matrículas em Creches e nos Ensinos Pré-escolar, Fundamental e Médio por Dependência Administrativa - 2024 ri guamá",20,"Tabela 5 - Número de Matrículas em Creches e nos Ensinos Pré-escolar, Fundamental e Médio por Dependência Administrativa - 2024 ri guamá","..\..\Desktop\tabelas-powerBI\6 Guamá\Tabela 5 - Número de Matrículas em Creches e nos Ensinos Pré-escolar, Fundamental e Médio por Dependência Administrativa - 2024 ri guamá.xlsx",Guamá,101220,87.0
Vigia,-,-,63,-,-,125,-,1822,623,38,-,52,6 Guamá,5,"Número de Matrículas em Creches e nos Ensinos Pré-escolar, Fundamental e Médio por Dependência Administrativa - 2024 ri guamá",20,"Tabela 5 - Número de Matrículas em Creches e nos Ensinos Pré-escolar, Fundamental e Médio por Dependência Administrativa - 2024 ri guamá","..\..\Desktop\tabelas-powerBI\6 Guamá\Tabela 5 - Número de Matrículas em Creches e nos Ensinos Pré-escolar, Fundamental e Médio por Dependência Administrativa - 2024 ri guamá.xlsx",Guamá,101220,559.0
Fonte: MEC - INEP,,,,,,,,,,,,,6 Guamá,5,"Número de Matrículas em Creches e nos Ensinos Pré-escolar, Fundamental e Médio por Dependência Administrativa - 2024 ri guamá",20,"Tabela 5 - Número de Matrículas em Creches e nos Ensinos Pré-escolar, Fundamental e Médio por Dependência Administrativa - 2024 ri guamá","..\..\Desktop\tabelas-powerBI\6 Guamá\Tabela 5 - Número de Matrículas em Creches e nos Ensinos Pré-escolar, Fundamental e Médio por Dependência Administrativa - 2024 ri guamá.xlsx",Guamá,101220,
Elaboração: FAPESPA,,,,,,,,,,,,,6 Guamá,5,"Número de Matrículas em Creches e nos Ensinos Pré-escolar, Fundamental e Médio por Dependência Administrativa - 2024 ri guamá",20,"Tabela 5 - Número de Matrículas em Creches e nos Ensinos Pré-escolar, Fundamental e Médio por Dependência Administrativa - 2024 ri guamá","..\..\Desktop\tabelas-powerBI\6 Guamá\Tabela 5 - Número de Matrículas em Creches e nos Ensinos Pré-escolar, Fundamental e Médio por Dependência Administrativa - 2024 ri guamá.xlsx",Guamá,101220,
RI Guamá,-,-,983,-,-,2399,-,11707,11433,462,-,2233,6 Guamá,5,"Número de Matrículas em Creches e nos Ensinos Pré-escolar, Fundamental e Médio por Dependência Administrativa - 2024 ri guamá",20,"Tabela 5 - Número de Matrículas em Creches e nos Ensinos Pré-escolar, Fundamental e Médio por Dependência Administrativa - 2024 ri guamá","..\..\Desktop\tabelas-powerBI\6 Guamá\Tabela 5 - Número de Matrículas em Creches e nos Ensinos Pré-escolar, Fundamental e Médio por Dependência Administrativa - 2024 ri guamá.xlsx",Guamá,114051,7994.0
Castanhal,-,-,724,-,-,1565,-,3545,7748,424,-,1605,6 Guamá,5,"Número de Matrículas em Creches e nos Ensinos Pré-escolar, Fundamental e Médio por Dependência Administrativa - 2024 ri guamá",20,"Tabela 5 - Número de Matrículas em Creches e nos Ensinos Pré-escolar, Fundamental e Médio por Dependência Administrativa - 2024 ri guamá","..\..\Desktop\tabelas-powerBI\6 Guamá\Tabela 5 - Número de Matrículas em Creches e nos Ensinos Pré-escolar, Fundamental e Médio por Dependência Administrativa - 2024 ri guamá.xlsx",Guamá,114051,1506.0
Colares,-,-,-,-,-,-,-,785,-,-,-,-,6 Guamá,5,"Número de Matrículas em Creches e nos Ensinos Pré-escolar, Fundamental e Médio por Dependência Administrativa - 2024 ri guamá",20,"Tabela 5 - Número de Matrículas em Creches e nos Ensinos Pré-escolar, Fundamental e Médio por Dependência Administrativa - 2024 ri guamá","..\..\Desktop\tabelas-powerBI\6 Guamá\Tabela 5 - Número de Matrículas em Creches e nos Ensinos Pré-escolar, Fundamental e Médio por Dependência Administrativa - 2024 ri guamá.xlsx",Guamá,114051,159.0
Curuçá,-,-,5,-,-,7,-,373,147,-,-,-,6 Guamá,5,"Número de Matrículas em Creches e nos Ensinos Pré-escolar, Fundamental e Médio por Dependência Administrativa - 2024 ri guamá",20,"Tabela 5 - Número de Matrículas em Creches e nos Ensinos Pré-escolar, Fundamental e Médio por Dependência Administrativa - 2024 ri guamá","..\..\Desktop\tabelas-powerBI\6 Guamá\Tabela 5 - Número de Matrículas em Creches e nos Ensinos Pré-escolar, Fundamental e Médio por Dependência Administrativa - 2024 ri guamá.xlsx",Guamá,114051,764.0
Igarapé-Açu,-,-,10,-,-,51,-,2171,573,-,-,97,6 Guamá,5,"Número de Matrículas em Creches e nos Ensinos Pré-escolar, Fundamental e Médio por Dependência Administrativa - 2024 ri guamá",20,"Tabela 5 - Número de Matrículas em Creches e nos Ensinos Pré-escolar, Fundamental e Médio por Dependência Administrativa - 2024 ri guamá","..\..\Desktop\tabelas-powerBI\6 Guamá\Tabela 5 - Número de Matrículas em Creches e nos Ensinos Pré-escolar, Fundamental e Médio por Dependência Administrativa - 2024 ri guamá.xlsx",Guamá,114051,426.0
Inhangapi,-,-,-,-,-,-,-,493,-,-,-,-,6 Guamá,5,"Número de Matrículas em Creches e nos Ensinos Pré-escolar, Fundamental e Médio por Dependência Administrativa - 2024 ri guamá",20,"Tabela 5 - Número de Matrículas em Creches e nos Ensinos Pré-escolar, Fundamental e Médio por Dependência Administrativa - 2024 ri guamá","..\..\Desktop\tabelas-powerBI\6 Guamá\Tabela 5 - Número de Matrículas em Creches e nos Ensinos Pré-escolar, Fundamental e Médio por Dependência Administrativa - 2024 ri guamá.xlsx",Guamá,114051,
Magalhães Barata,-,-,-,-,-,-,-,140,-,-,-,-,6 Guamá,5,"Número de Matrículas em Creches e nos Ensinos Pré-escolar, Fundamental e Médio por Dependência Administrativa - 2024 ri guamá",20,"Tabela 5 - Número de Matrículas em Creches e nos Ensinos Pré-escolar, Fundamental e Médio por Dependência Administrativa - 2024 ri guamá","..\..\Desktop\tabelas-powerBI\6 Guamá\Tabela 5 - Número de Matrículas em Creches e nos Ensinos Pré-escolar, Fundamental e Médio por Dependência Administrativa - 2024 ri guamá.xlsx",Guamá,114051,197.0
Maracanã,-,-,-,-,-,-,-,-,-,-,-,-,6 Guamá,5,"Número de Matrículas em Creches e nos Ensinos Pré-escolar, Fundamental e Médio por Dependência Administrativa - 2024 ri guamá",20,"Tabela 5 - Número de Matrículas em Creches e nos Ensinos Pré-escolar, Fundamental e Médio por Dependência Administrativa - 2024 ri guamá","..\..\Desktop\tabelas-powerBI\6 Guamá\Tabela 5 - Número de Matrículas em Creches e nos Ensinos Pré-escolar, Fundamental e Médio por Dependência Administrativa - 2024 ri guamá.xlsx",Guamá,114051,513.0
Marapanim,-,-,26,-,-,42,-,-,80,-,-,-,6 Guamá,5,"Número de Matrículas em Creches e nos Ensinos Pré-escolar, Fundamental e Médio por Dependência Administrativa - 2024 ri guamá",20,"Tabela 5 - Número de Matrículas em Creches e nos Ensinos Pré-escolar, Fundamental e Médio por Dependência Administrativa - 2024 ri guamá","..\..\Desktop\tabelas-powerBI\6 Guamá\Tabela 5 - Número de Matrículas em Creches e nos Ensinos Pré-escolar, Fundamental e Médio por Dependência Administrativa - 2024 ri guamá.xlsx",Guamá,114051,278.0
Santa Izabel do Pará,-,-,48,-,-,219,-,-,1034,-,-,310,6 Guamá,5,"Número de Matrículas em Creches e nos Ensinos Pré-escolar, Fundamental e Médio por Dependência Administrativa - 2024 ri guamá",20,"Tabela 5 - Número de Matrículas em Creches e nos Ensinos Pré-escolar, Fundamental e Médio por Dependência Administrativa - 2024 ri guamá","..\..\Desktop\tabelas-powerBI\6 Guamá\Tabela 5 - Número de Matrículas em Creches e nos Ensinos Pré-escolar, Fundamental e Médio por Dependência Administrativa - 2024 ri guamá.xlsx",Guamá,114051,630.0
Santa Maria do Pará,-,-,26,-,-,76,-,1510,160,-,-,-,6 Guamá,5,"Número de Matrículas em Creches e nos Ensinos Pré-escolar, Fundamental e Médio por Dependência Administrativa - 2024 ri guamá",20,"Tabela 5 - Número de Matrículas em Creches e nos Ensinos Pré-escolar, Fundamental e Médio por Dependência Administrativa - 2024 ri guamá","..\..\Desktop\tabelas-powerBI\6 Guamá\Tabela 5 - Número de Matrículas em Creches e nos Ensinos Pré-escolar, Fundamental e Médio por Dependência Administrativa - 2024 ri guamá.xlsx",Guamá,114051,442.0
Santo Antônio do Tauá,-,-,39,-,-,134,-,-,524,-,-,114,6 Guamá,5,"Número de Matrículas em Creches e nos Ensinos Pré-escolar, Fundamental e Médio por Dependência Administrativa - 2024 ri guamá",20,"Tabela 5 - Número de Matrículas em Creches e nos Ensinos Pré-escolar, Fundamental e Médio por Dependência Administrativa - 2024 ri guamá","..\..\Desktop\tabelas-powerBI\6 Guamá\Tabela 5 - Número de Matrículas em Creches e nos Ensinos Pré-escolar, Fundamental e Médio por Dependência Administrativa - 2024 ri guamá.xlsx",Guamá,114051,276.0
São Caetano de Odivelas,-,-,-,-,-,-,-,220,-,-,-,-,6 Guamá,5,"Número de Matrículas em Creches e nos Ensinos Pré-escolar, Fundamental e Médio por Dependência Administrativa - 2024 ri guamá",20,"Tabela 5 - Número de Matrículas em Creches e nos Ensinos Pré-escolar, Fundamental e Médio por Dependência Administrativa - 2024 ri guamá","..\..\Desktop\tabelas-powerBI\6 Guamá\Tabela 5 - Número de Matrículas em Creches e nos Ensinos Pré-escolar, Fundamental e Médio por Dependência Administrativa - 2024 ri guamá.xlsx",Guamá,114051,363.0
São Domingos do Capim,-,-,12,-,-,36,-,394,119,-,-,-,6 Guamá,5,"Número de Matrículas em Creches e nos Ensinos Pré-escolar, Fundamental e Médio por Dependência Administrativa - 2024 ri guamá",20,"Tabela 5 - Número de Matrículas em Creches e nos Ensinos Pré-escolar, Fundamental e Médio por Dependência Administrativa - 2024 ri guamá","..\..\Desktop\tabelas-powerBI\6 Guamá\Tabela 5 - Número de Matrículas em Creches e nos Ensinos Pré-escolar, Fundamental e Médio por Dependência Administrativa - 2024 ri guamá.xlsx",Guamá,114051,658.0
São Francisco do Pará,-,-,13,-,-,37,-,-,107,-,-,-,6 Guamá,5,"Número de Matrículas em Creches e nos Ensinos Pré-escolar, Fundamental e Médio por Dependência Administrativa - 2024 ri guamá",20,"Tabela 5 - Número de Matrículas em Creches e nos Ensinos Pré-escolar, Fundamental e Médio por Dependência Administrativa - 2024 ri guamá","..\..\Desktop\tabelas-powerBI\6 Guamá\Tabela 5 - Número de Matrículas em Creches e nos Ensinos Pré-escolar, Fundamental e Médio por Dependência Administrativa - 2024 ri guamá.xlsx",Guamá,114051,13.0
São João da Ponta,-,-,-,-,-,-,-,-,-,-,-,-,6 Guamá,5,"Número de Matrículas em Creches e nos Ensinos Pré-escolar, Fundamental e Médio por Dependência Administrativa - 2024 ri guamá",20,"Tabela 5 - Número de Matrículas em Creches e nos Ensinos Pré-escolar, Fundamental e Médio por Dependência Administrativa - 2024 ri guamá","..\..\Desktop\tabelas-powerBI\6 Guamá\Tabela 5 - Número de Matrículas em Creches e nos Ensinos Pré-escolar, Fundamental e Médio por Dependência Administrativa - 2024 ri guamá.xlsx",Guamá,114051,76.0
São Miguel do Guamá,-,-,5,-,-,85,-,-,260,-,-,55,6 Guamá,5,"Número de Matrículas em Creches e nos Ensinos Pré-escolar, Fundamental e Médio por Dependência Administrativa - 2024 ri guamá",20,"Tabela 5 - Número de Matrículas em Creches e nos Ensinos Pré-escolar, Fundamental e Médio por Dependência Administrativa - 2024 ri guamá","..\..\Desktop\tabelas-powerBI\6 Guamá\Tabela 5 - Número de Matrículas em Creches e nos Ensinos Pré-escolar, Fundamental e Médio por Dependência Administrativa - 2024 ri guamá.xlsx",Guamá,114051,972.0
Terra Alta,-,-,12,-,-,22,-,254,58,-,-,-,6 Guamá,5,"Número de Matrículas em Creches e nos Ensinos Pré-escolar, Fundamental e Médio por Dependência Administrativa - 2024 ri guamá",20,"Tabela 5 - Número de Matrículas em Creches e nos Ensinos Pré-escolar, Fundamental e Médio por Dependência Administrativa - 2024 ri guamá","..\..\Desktop\tabelas-powerBI\6 Guamá\Tabela 5 - Número de Matrículas em Creches e nos Ensinos Pré-escolar, Fundamental e Médio por Dependência Administrativa - 2024 ri guamá.xlsx",Guamá,114051,99.0
Vigia,-,-,63,-,-,125,-,1822,623,38,-,52,6 Guamá,5,"Número de Matrículas em Creches e nos Ensinos Pré-escolar, Fundamental e Médio por Dependência Administrativa - 2024 ri guamá",20,"Tabela 5 - Número de Matrículas em Creches e nos Ensinos Pré-escolar, Fundamental e Médio por Dependência Administrativa - 2024 ri guamá","..\..\Desktop\tabelas-powerBI\6 Guamá\Tabela 5 - Número de Matrículas em Creches e nos Ensinos Pré-escolar, Fundamental e Médio por Dependência Administrativa - 2024 ri guamá.xlsx",Guamá,114051,622.0
Fonte: MEC - INEP,,,,,,,,,,,,,6 Guamá,5,"Número de Matrículas em Creches e nos Ensinos Pré-escolar, Fundamental e Médio por Dependência Administrativa - 2024 ri guamá",20,"Tabela 5 - Número de Matrículas em Creches e nos Ensinos Pré-escolar, Fundamental e Médio por Dependência Administrativa - 2024 ri guamá","..\..\Desktop\tabelas-powerBI\6 Guamá\Tabela 5 - Número de Matrículas em Creches e nos Ensinos Pré-escolar, Fundamental e Médio por Dependência Administrativa - 2024 ri guamá.xlsx",Guamá,114051,
Elaboração: FAPESPA,,,,,,,,,,,,,6 Guamá,5,"Número de Matrículas em Creches e nos Ensinos Pré-escolar, Fundamental e Médio por Dependência Administrativa - 2024 ri guamá",20,"Tabela 5 - Número de Matrículas em Creches e nos Ensinos Pré-escolar, Fundamental e Médio por Dependência Administrativa - 2024 ri guamá","..\..\Desktop\tabelas-powerBI\6 Guamá\Tabela 5 - Número de Matrículas em Creches e nos Ensinos Pré-escolar, Fundamental e Médio por Dependência Administrativa - 2024 ri guamá.xlsx",Guamá,114051,
RI Guamá,-,-,983,-,-,2399,-,11707,11433,462,-,2233,6 Guamá,5,"Número de Matrículas em Creches e nos Ensinos Pré-escolar, Fundamental e Médio por Dependência Administrativa - 2024 ri guamá",20,"Tabela 5 - Número de Matrículas em Creches e nos Ensinos Pré-escolar, Fundamental e Médio por Dependência Administrativa - 2024 ri guamá","..\..\Desktop\tabelas-powerBI\6 Guamá\Tabela 5 - Número de Matrículas em Creches e nos Ensinos Pré-escolar, Fundamental e Médio por Dependência Administrativa - 2024 ri guamá.xlsx",Guamá,221043,17630.0
Castanhal,-,-,724,-,-,1565,-,3545,7748,424,-,1605,6 Guamá,5,"Número de Matrículas em Creches e nos Ensinos Pré-escolar, Fundamental e Médio por Dependência Administrativa - 2024 ri guamá",20,"Tabela 5 - Número de Matrículas em Creches e nos Ensinos Pré-escolar, Fundamental e Médio por Dependência Administrativa - 2024 ri guamá","..\..\Desktop\tabelas-powerBI\6 Guamá\Tabela 5 - Número de Matrículas em Creches e nos Ensinos Pré-escolar, Fundamental e Médio por Dependência Administrativa - 2024 ri guamá.xlsx",Guamá,221043,4433.0
Colares,-,-,-,-,-,-,-,785,-,-,-,-,6 Guamá,5,"Número de Matrículas em Creches e nos Ensinos Pré-escolar, Fundamental e Médio por Dependência Administrativa - 2024 ri guamá",20,"Tabela 5 - Número de Matrículas em Creches e nos Ensinos Pré-escolar, Fundamental e Médio por Dependência Administrativa - 2024 ri guamá","..\..\Desktop\tabelas-powerBI\6 Guamá\Tabela 5 - Número de Matrículas em Creches e nos Ensinos Pré-escolar, Fundamental e Médio por Dependência Administrativa - 2024 ri guamá.xlsx",Guamá,221043,370.0
Curuçá,-,-,5,-,-,7,-,373,147,-,-,-,6 Guamá,5,"Número de Matrículas em Creches e nos Ensinos Pré-escolar, Fundamental e Médio por Dependência Administrativa - 2024 ri guamá",20,"Tabela 5 - Número de Matrículas em Creches e nos Ensinos Pré-escolar, Fundamental e Médio por Dependência Administrativa - 2024 ri guamá","..\..\Desktop\tabelas-powerBI\6 Guamá\Tabela 5 - Número de Matrículas em Creches e nos Ensinos Pré-escolar, Fundamental e Médio por Dependência Administrativa - 2024 ri guamá.xlsx",Guamá,221043,1106.0
Igarapé-Açu,-,-,10,-,-,51,-,2171,573,-,-,97,6 Guamá,5,"Número de Matrículas em Creches e nos Ensinos Pré-escolar, Fundamental e Médio por Dependência Administrativa - 2024 ri guamá",20,"Tabela 5 - Número de Matrículas em Creches e nos Ensinos Pré-escolar, Fundamental e Médio por Dependência Administrativa - 2024 ri guamá","..\..\Desktop\tabelas-powerBI\6 Guamá\Tabela 5 - Número de Matrículas em Creches e nos Ensinos Pré-escolar, Fundamental e Médio por Dependência Administrativa - 2024 ri guamá.xlsx",Guamá,221043,953.0
Inhangapi,-,-,-,-,-,-,-,493,-,-,-,-,6 Guamá,5,"Número de Matrículas em Creches e nos Ensinos Pré-escolar, Fundamental e Médio por Dependência Administrativa - 2024 ri guamá",20,"Tabela 5 - Número de Matrículas em Creches e nos Ensinos Pré-escolar, Fundamental e Médio por Dependência Administrativa - 2024 ri guamá","..\..\Desktop\tabelas-powerBI\6 Guamá\Tabela 5 - Número de Matrículas em Creches e nos Ensinos Pré-escolar, Fundamental e Médio por Dependência Administrativa - 2024 ri guamá.xlsx",Guamá,221043,298.0
Magalhães Barata,-,-,-,-,-,-,-,140,-,-,-,-,6 Guamá,5,"Número de Matrículas em Creches e nos Ensinos Pré-escolar, Fundamental e Médio por Dependência Administrativa - 2024 ri guamá",20,"Tabela 5 - Número de Matrículas em Creches e nos Ensinos Pré-escolar, Fundamental e Médio por Dependência Administrativa - 2024 ri guamá","..\..\Desktop\tabelas-powerBI\6 Guamá\Tabela 5 - Número de Matrículas em Creches e nos Ensinos Pré-escolar, Fundamental e Médio por Dependência Administrativa - 2024 ri guamá.xlsx",Guamá,221043,230.0
Maracanã,-,-,-,-,-,-,-,-,-,-,-,-,6 Guamá,5,"Número de Matrículas em Creches e nos Ensinos Pré-escolar, Fundamental e Médio por Dependência Administrativa - 2024 ri guamá",20,"Tabela 5 - Número de Matrículas em Creches e nos Ensinos Pré-escolar, Fundamental e Médio por Dependência Administrativa - 2024 ri guamá","..\..\Desktop\tabelas-powerBI\6 Guamá\Tabela 5 - Número de Matrículas em Creches e nos Ensinos Pré-escolar, Fundamental e Médio por Dependência Administrativa - 2024 ri guamá.xlsx",Guamá,221043,807.0
Marapanim,-,-,26,-,-,42,-,-,80,-,-,-,6 Guamá,5,"Número de Matrículas em Creches e nos Ensinos Pré-escolar, Fundamental e Médio por Dependência Administrativa - 2024 ri guamá",20,"Tabela 5 - Número de Matrículas em Creches e nos Ensinos Pré-escolar, Fundamental e Médio por Dependência Administrativa - 2024 ri guamá","..\..\Desktop\tabelas-powerBI\6 Guamá\Tabela 5 - Número de Matrículas em Creches e nos Ensinos Pré-escolar, Fundamental e Médio por Dependência Administrativa - 2024 ri guamá.xlsx",Guamá,221043,673.0
Santa Izabel do Pará,-,-,48,-,-,219,-,-,1034,-,-,310,6 Guamá,5,"Número de Matrículas em Creches e nos Ensinos Pré-escolar, Fundamental e Médio por Dependência Administrativa - 2024 ri guamá",20,"Tabela 5 - Número de Matrículas em Creches e nos Ensinos Pré-escolar, Fundamental e Médio por Dependência Administrativa - 2024 ri guamá","..\..\Desktop\tabelas-powerBI\6 Guamá\Tabela 5 - Número de Matrículas em Creches e nos Ensinos Pré-escolar, Fundamental e Médio por Dependência Administrativa - 2024 ri guamá.xlsx",Guamá,221043,1747.0
Santa Maria do Pará,-,-,26,-,-,76,-,1510,160,-,-,-,6 Guamá,5,"Número de Matrículas em Creches e nos Ensinos Pré-escolar, Fundamental e Médio por Dependência Administrativa - 2024 ri guamá",20,"Tabela 5 - Número de Matrículas em Creches e nos Ensinos Pré-escolar, Fundamental e Médio por Dependência Administrativa - 2024 ri guamá","..\..\Desktop\tabelas-powerBI\6 Guamá\Tabela 5 - Número de Matrículas em Creches e nos Ensinos Pré-escolar, Fundamental e Médio por Dependência Administrativa - 2024 ri guamá.xlsx",Guamá,221043,680.0
Santo Antônio do Tauá,-,-,39,-,-,134,-,-,524,-,-,114,6 Guamá,5,"Número de Matrículas em Creches e nos Ensinos Pré-escolar, Fundamental e Médio por Dependência Administrativa - 2024 ri guamá",20,"Tabela 5 - Número de Matrículas em Creches e nos Ensinos Pré-escolar, Fundamental e Médio por Dependência Administrativa - 2024 ri guamá","..\..\Desktop\tabelas-powerBI\6 Guamá\Tabela 5 - Número de Matrículas em Creches e nos Ensinos Pré-escolar, Fundamental e Médio por Dependência Administrativa - 2024 ri guamá.xlsx",Guamá,221043,836.0
São Caetano de Odivelas,-,-,-,-,-,-,-,220,-,-,-,-,6 Guamá,5,"Número de Matrículas em Creches e nos Ensinos Pré-escolar, Fundamental e Médio por Dependência Administrativa - 2024 ri guamá",20,"Tabela 5 - Número de Matrículas em Creches e nos Ensinos Pré-escolar, Fundamental e Médio por Dependência Administrativa - 2024 ri guamá","..\..\Desktop\tabelas-powerBI\6 Guamá\Tabela 5 - Número de Matrículas em Creches e nos Ensinos Pré-escolar, Fundamental e Médio por Dependência Administrativa - 2024 ri guamá.xlsx",Guamá,221043,515.0
São Domingos do Capim,-,-,12,-,-,36,-,394,119,-,-,-,6 Guamá,5,"Número de Matrículas em Creches e nos Ensinos Pré-escolar, Fundamental e Médio por Dependência Administrativa - 2024 ri guamá",20,"Tabela 5 - Número de Matrículas em Creches e nos Ensinos Pré-escolar, Fundamental e Médio por Dependência Administrativa - 2024 ri guamá","..\..\Desktop\tabelas-powerBI\6 Guamá\Tabela 5 - Número de Matrículas em Creches e nos Ensinos Pré-escolar, Fundamental e Médio por Dependência Administrativa - 2024 ri guamá.xlsx",Guamá,221043,989.0
São Francisco do Pará,-,-,13,-,-,37,-,-,107,-,-,-,6 Guamá,5,"Número de Matrículas em Creches e nos Ensinos Pré-escolar, Fundamental e Médio por Dependência Administrativa - 2024 ri guamá",20,"Tabela 5 - Número de Matrículas em Creches e nos Ensinos Pré-escolar, Fundamental e Médio por Dependência Administrativa - 2024 ri guamá","..\..\Desktop\tabelas-powerBI\6 Guamá\Tabela 5 - Número de Matrículas em Creches e nos Ensinos Pré-escolar, Fundamental e Médio por Dependência Administrativa - 2024 ri guamá.xlsx",Guamá,221043,407.0
São João da Ponta,-,-,-,-,-,-,-,-,-,-,-,-,6 Guamá,5,"Número de Matrículas em Creches e nos Ensinos Pré-escolar, Fundamental e Médio por Dependência Administrativa - 2024 ri guamá",20,"Tabela 5 - Número de Matrículas em Creches e nos Ensinos Pré-escolar, Fundamental e Médio por Dependência Administrativa - 2024 ri guamá","..\..\Desktop\tabelas-powerBI\6 Guamá\Tabela 5 - Número de Matrículas em Creches e nos Ensinos Pré-escolar, Fundamental e Médio por Dependência Administrativa - 2024 ri guamá.xlsx",Guamá,221043,184.0
São Miguel do Guamá,-,-,5,-,-,85,-,-,260,-,-,55,6 Guamá,5,"Número de Matrículas em Creches e nos Ensinos Pré-escolar, Fundamental e Médio por Dependência Administrativa - 2024 ri guamá",20,"Tabela 5 - Número de Matrículas em Creches e nos Ensinos Pré-escolar, Fundamental e Médio por Dependência Administrativa - 2024 ri guamá","..\..\Desktop\tabelas-powerBI\6 Guamá\Tabela 5 - Número de Matrículas em Creches e nos Ensinos Pré-escolar, Fundamental e Médio por Dependência Administrativa - 2024 ri guamá.xlsx",Guamá,221043,1890.0
Terra Alta,-,-,12,-,-,22,-,254,58,-,-,-,6 Guamá,5,"Número de Matrículas em Creches e nos Ensinos Pré-escolar, Fundamental e Médio por Dependência Administrativa - 2024 ri guamá",20,"Tabela 5 - Número de Matrículas em Creches e nos Ensinos Pré-escolar, Fundamental e Médio por Dependência Administrativa - 2024 ri guamá","..\..\Desktop\tabelas-powerBI\6 Guamá\Tabela 5 - Número de Matrículas em Creches e nos Ensinos Pré-escolar, Fundamental e Médio por Dependência Administrativa - 2024 ri guamá.xlsx",Guamá,221043,271.0
Vigia,-,-,63,-,-,125,-,1822,623,38,-,52,6 Guamá,5,"Número de Matrículas em Creches e nos Ensinos Pré-escolar, Fundamental e Médio por Dependência Administrativa - 2024 ri guamá",20,"Tabela 5 - Número de Matrículas em Creches e nos Ensinos Pré-escolar, Fundamental e Médio por Dependência Administrativa - 2024 ri guamá","..\..\Desktop\tabelas-powerBI\6 Guamá\Tabela 5 - Número de Matrículas em Creches e nos Ensinos Pré-escolar, Fundamental e Médio por Dependência Administrativa - 2024 ri guamá.xlsx",Guamá,221043,1241.0
Fonte: MEC - INEP,,,,,,,,,,,,,6 Guamá,5,"Número de Matrículas em Creches e nos Ensinos Pré-escolar, Fundamental e Médio por Dependência Administrativa - 2024 ri guamá",20,"Tabela 5 - Número de Matrículas em Creches e nos Ensinos Pré-escolar, Fundamental e Médio por Dependência Administrativa - 2024 ri guamá","..\..\Desktop\tabelas-powerBI\6 Guamá\Tabela 5 - Número de Matrículas em Creches e nos Ensinos Pré-escolar, Fundamental e Médio por Dependência Administrativa - 2024 ri guamá.xlsx",Guamá,221043,
Elaboração: FAPESPA,,,,,,,,,,,,,6 Guamá,5,"Número de Matrículas em Creches e nos Ensinos Pré-escolar, Fundamental e Médio por Dependência Administrativa - 2024 ri guamá",20,"Tabela 5 - Número de Matrículas em Creches e nos Ensinos Pré-escolar, Fundamental e Médio por Dependência Administrativa - 2024 ri guamá","..\..\Desktop\tabelas-powerBI\6 Guamá\Tabela 5 - Número de Matrículas em Creches e nos Ensinos Pré-escolar, Fundamental e Médio por Dependência Administrativa - 2024 ri guamá.xlsx",Guamá,221043,
RI Guamá,-,-,983,-,-,2399,-,11707,11433,462,-,2233,6 Guamá,5,"Número de Matrículas em Creches e nos Ensinos Pré-escolar, Fundamental e Médio por Dependência Administrativa - 2024 ri guamá",20,"Tabela 5 - Número de Matrículas em Creches e nos Ensinos Pré-escolar, Fundamental e Médio por Dependência Administrativa - 2024 ri guamá","..\..\Desktop\tabelas-powerBI\6 Guamá\Tabela 5 - Número de Matrículas em Creches e nos Ensinos Pré-escolar, Fundamental e Médio por Dependência Administrativa - 2024 ri guamá.xlsx",Guamá,249835,20029.0
Castanhal,-,-,724,-,-,1565,-,3545,7748,424,-,1605,6 Guamá,5,"Número de Matrículas em Creches e nos Ensinos Pré-escolar, Fundamental e Médio por Dependência Administrativa - 2024 ri guamá",20,"Tabela 5 - Número de Matrículas em Creches e nos Ensinos Pré-escolar, Fundamental e Médio por Dependência Administrativa - 2024 ri guamá","..\..\Desktop\tabelas-powerBI\6 Guamá\Tabela 5 - Número de Matrículas em Creches e nos Ensinos Pré-escolar, Fundamental e Médio por Dependência Administrativa - 2024 ri guamá.xlsx",Guamá,249835,5998.0
Colares,-,-,-,-,-,-,-,785,-,-,-,-,6 Guamá,5,"Número de Matrículas em Creches e nos Ensinos Pré-escolar, Fundamental e Médio por Dependência Administrativa - 2024 ri guamá",20,"Tabela 5 - Número de Matrículas em Creches e nos Ensinos Pré-escolar, Fundamental e Médio por Dependência Administrativa - 2024 ri guamá","..\..\Desktop\tabelas-powerBI\6 Guamá\Tabela 5 - Número de Matrículas em Creches e nos Ensinos Pré-escolar, Fundamental e Médio por Dependência Administrativa - 2024 ri guamá.xlsx",Guamá,249835,370.0
Curuçá,-,-,5,-,-,7,-,373,147,-,-,-,6 Guamá,5,"Número de Matrículas em Creches e nos Ensinos Pré-escolar, Fundamental e Médio por Dependência Administrativa - 2024 ri guamá",20,"Tabela 5 - Número de Matrículas em Creches e nos Ensinos Pré-escolar, Fundamental e Médio por Dependência Administrativa - 2024 ri guamá","..\..\Desktop\tabelas-powerBI\6 Guamá\Tabela 5 - Número de Matrículas em Creches e nos Ensinos Pré-escolar, Fundamental e Médio por Dependência Administrativa - 2024 ri guamá.xlsx",Guamá,249835,1113.0
Igarapé-Açu,-,-,10,-,-,51,-,2171,573,-,-,97,6 Guamá,5,"Número de Matrículas em Creches e nos Ensinos Pré-escolar, Fundamental e Médio por Dependência Administrativa - 2024 ri guamá",20,"Tabela 5 - Número de Matrículas em Creches e nos Ensinos Pré-escolar, Fundamental e Médio por Dependência Administrativa - 2024 ri guamá","..\..\Desktop\tabelas-powerBI\6 Guamá\Tabela 5 - Número de Matrículas em Creches e nos Ensinos Pré-escolar, Fundamental e Médio por Dependência Administrativa - 2024 ri guamá.xlsx",Guamá,249835,1004.0
Inhangapi,-,-,-,-,-,-,-,493,-,-,-,-,6 Guamá,5,"Número de Matrículas em Creches e nos Ensinos Pré-escolar, Fundamental e Médio por Dependência Administrativa - 2024 ri guamá",20,"Tabela 5 - Número de Matrículas em Creches e nos Ensinos Pré-escolar, Fundamental e Médio por Dependência Administrativa - 2024 ri guamá","..\..\Desktop\tabelas-powerBI\6 Guamá\Tabela 5 - Número de Matrículas em Creches e nos Ensinos Pré-escolar, Fundamental e Médio por Dependência Administrativa - 2024 ri guamá.xlsx",Guamá,249835,298.0
Magalhães Barata,-,-,-,-,-,-,-,140,-,-,-,-,6 Guamá,5,"Número de Matrículas em Creches e nos Ensinos Pré-escolar, Fundamental e Médio por Dependência Administrativa - 2024 ri guamá",20,"Tabela 5 - Número de Matrículas em Creches e nos Ensinos Pré-escolar, Fundamental e Médio por Dependência Administrativa - 2024 ri guamá","..\..\Desktop\tabelas-powerBI\6 Guamá\Tabela 5 - Número de Matrículas em Creches e nos Ensinos Pré-escolar, Fundamental e Médio por Dependência Administrativa - 2024 ri guamá.xlsx",Guamá,249835,230.0
Maracanã,-,-,-,-,-,-,-,-,-,-,-,-,6 Guamá,5,"Número de Matrículas em Creches e nos Ensinos Pré-escolar, Fundamental e Médio por Dependência Administrativa - 2024 ri guamá",20,"Tabela 5 - Número de Matrículas em Creches e nos Ensinos Pré-escolar, Fundamental e Médio por Dependência Administrativa - 2024 ri guamá","..\..\Desktop\tabelas-powerBI\6 Guamá\Tabela 5 - Número de Matrículas em Creches e nos Ensinos Pré-escolar, Fundamental e Médio por Dependência Administrativa - 2024 ri guamá.xlsx",Guamá,249835,807.0
Marapanim,-,-,26,-,-,42,-,-,80,-,-,-,6 Guamá,5,"Número de Matrículas em Creches e nos Ensinos Pré-escolar, Fundamental e Médio por Dependência Administrativa - 2024 ri guamá",20,"Tabela 5 - Número de Matrículas em Creches e nos Ensinos Pré-escolar, Fundamental e Médio por Dependência Administrativa - 2024 ri guamá","..\..\Desktop\tabelas-powerBI\6 Guamá\Tabela 5 - Número de Matrículas em Creches e nos Ensinos Pré-escolar, Fundamental e Médio por Dependência Administrativa - 2024 ri guamá.xlsx",Guamá,249835,715.0
Santa Izabel do Pará,-,-,48,-,-,219,-,-,1034,-,-,310,6 Guamá,5,"Número de Matrículas em Creches e nos Ensinos Pré-escolar, Fundamental e Médio por Dependência Administrativa - 2024 ri guamá",20,"Tabela 5 - Número de Matrículas em Creches e nos Ensinos Pré-escolar, Fundamental e Médio por Dependência Administrativa - 2024 ri guamá","..\..\Desktop\tabelas-powerBI\6 Guamá\Tabela 5 - Número de Matrículas em Creches e nos Ensinos Pré-escolar, Fundamental e Médio por Dependência Administrativa - 2024 ri guamá.xlsx",Guamá,249835,1966.0
Santa Maria do Pará,-,-,26,-,-,76,-,1510,160,-,-,-,6 Guamá,5,"Número de Matrículas em Creches e nos Ensinos Pré-escolar, Fundamental e Médio por Dependência Administrativa - 2024 ri guamá",20,"Tabela 5 - Número de Matrículas em Creches e nos Ensinos Pré-escolar, Fundamental e Médio por Dependência Administrativa - 2024 ri guamá","..\..\Desktop\tabelas-powerBI\6 Guamá\Tabela 5 - Número de Matrículas em Creches e nos Ensinos Pré-escolar, Fundamental e Médio por Dependência Administrativa - 2024 ri guamá.xlsx",Guamá,249835,756.0
Santo Antônio do Tauá,-,-,39,-,-,134,-,-,524,-,-,114,6 Guamá,5,"Número de Matrículas em Creches e nos Ensinos Pré-escolar, Fundamental e Médio por Dependência Administrativa - 2024 ri guamá",20,"Tabela 5 - Número de Matrículas em Creches e nos Ensinos Pré-escolar, Fundamental e Médio por Dependência Administrativa - 2024 ri guamá","..\..\Desktop\tabelas-powerBI\6 Guamá\Tabela 5 - Número de Matrículas em Creches e nos Ensinos Pré-escolar, Fundamental e Médio por Dependência Administrativa - 2024 ri guamá.xlsx",Guamá,249835,970.0
São Caetano de Odivelas,-,-,-,-,-,-,-,220,-,-,-,-,6 Guamá,5,"Número de Matrículas em Creches e nos Ensinos Pré-escolar, Fundamental e Médio por Dependência Administrativa - 2024 ri guamá",20,"Tabela 5 - Número de Matrículas em Creches e nos Ensinos Pré-escolar, Fundamental e Médio por Dependência Administrativa - 2024 ri guamá","..\..\Desktop\tabelas-powerBI\6 Guamá\Tabela 5 - Número de Matrículas em Creches e nos Ensinos Pré-escolar, Fundamental e Médio por Dependência Administrativa - 2024 ri guamá.xlsx",Guamá,249835,515.0
São Domingos do Capim,-,-,12,-,-,36,-,394,119,-,-,-,6 Guamá,5,"Número de Matrículas em Creches e nos Ensinos Pré-escolar, Fundamental e Médio por Dependência Administrativa - 2024 ri guamá",20,"Tabela 5 - Número de Matrículas em Creches e nos Ensinos Pré-escolar, Fundamental e Médio por Dependência Administrativa - 2024 ri guamá","..\..\Desktop\tabelas-powerBI\6 Guamá\Tabela 5 - Número de Matrículas em Creches e nos Ensinos Pré-escolar, Fundamental e Médio por Dependência Administrativa - 2024 ri guamá.xlsx",Guamá,249835,1025.0
São Francisco do Pará,-,-,13,-,-,37,-,-,107,-,-,-,6 Guamá,5,"Número de Matrículas em Creches e nos Ensinos Pré-escolar, Fundamental e Médio por Dependência Administrativa - 2024 ri guamá",20,"Tabela 5 - Número de Matrículas em Creches e nos Ensinos Pré-escolar, Fundamental e Médio por Dependência Administrativa - 2024 ri guamá","..\..\Desktop\tabelas-powerBI\6 Guamá\Tabela 5 - Número de Matrículas em Creches e nos Ensinos Pré-escolar, Fundamental e Médio por Dependência Administrativa - 2024 ri guamá.xlsx",Guamá,249835,444.0
São João da Ponta,-,-,-,-,-,-,-,-,-,-,-,-,6 Guamá,5,"Número de Matrículas em Creches e nos Ensinos Pré-escolar, Fundamental e Médio por Dependência Administrativa - 2024 ri guamá",20,"Tabela 5 - Número de Matrículas em Creches e nos Ensinos Pré-escolar, Fundamental e Médio por Dependência Administrativa - 2024 ri guamá","..\..\Desktop\tabelas-powerBI\6 Guamá\Tabela 5 - Número de Matrículas em Creches e nos Ensinos Pré-escolar, Fundamental e Médio por Dependência Administrativa - 2024 ri guamá.xlsx",Guamá,249835,184.0
São Miguel do Guamá,-,-,5,-,-,85,-,-,260,-,-,55,6 Guamá,5,"Número de Matrículas em Creches e nos Ensinos Pré-escolar, Fundamental e Médio por Dependência Administrativa - 2024 ri guamá",20,"Tabela 5 - Número de Matrículas em Creches e nos Ensinos Pré-escolar, Fundamental e Médio por Dependência Administrativa - 2024 ri guamá","..\..\Desktop\tabelas-powerBI\6 Guamá\Tabela 5 - Número de Matrículas em Creches e nos Ensinos Pré-escolar, Fundamental e Médio por Dependência Administrativa - 2024 ri guamá.xlsx",Guamá,249835,1975.0
Terra Alta,-,-,12,-,-,22,-,254,58,-,-,-,6 Guamá,5,"Número de Matrículas em Creches e nos Ensinos Pré-escolar, Fundamental e Médio por Dependência Administrativa - 2024 ri guamá",20,"Tabela 5 - Número de Matrículas em Creches e nos Ensinos Pré-escolar, Fundamental e Médio por Dependência Administrativa - 2024 ri guamá","..\..\Desktop\tabelas-powerBI\6 Guamá\Tabela 5 - Número de Matrículas em Creches e nos Ensinos Pré-escolar, Fundamental e Médio por Dependência Administrativa - 2024 ri guamá.xlsx",Guamá,249835,293.0
Vigia,-,-,63,-,-,125,-,1822,623,38,-,52,6 Guamá,5,"Número de Matrículas em Creches e nos Ensinos Pré-escolar, Fundamental e Médio por Dependência Administrativa - 2024 ri guamá",20,"Tabela 5 - Número de Matrículas em Creches e nos Ensinos Pré-escolar, Fundamental e Médio por Dependência Administrativa - 2024 ri guamá","..\..\Desktop\tabelas-powerBI\6 Guamá\Tabela 5 - Número de Matrículas em Creches e nos Ensinos Pré-escolar, Fundamental e Médio por Dependência Administrativa - 2024 ri guamá.xlsx",Guamá,249835,1366.0
Fonte: MEC - INEP,,,,,,,,,,,,,6 Guamá,5,"Número de Matrículas em Creches e nos Ensinos Pré-escolar, Fundamental e Médio por Dependência Administrativa - 2024 ri guamá",20,"Tabela 5 - Número de Matrículas em Creches e nos Ensinos Pré-escolar, Fundamental e Médio por Dependência Administrativa - 2024 ri guamá","..\..\Desktop\tabelas-powerBI\6 Guamá\Tabela 5 - Número de Matrículas em Creches e nos Ensinos Pré-escolar, Fundamental e Médio por Dependência Administrativa - 2024 ri guamá.xlsx",Guamá,249835,
Elaboração: FAPESPA,,,,,,,,,,,,,6 Guamá,5,"Número de Matrículas em Creches e nos Ensinos Pré-escolar, Fundamental e Médio por Dependência Administrativa - 2024 ri guamá",20,"Tabela 5 - Número de Matrículas em Creches e nos Ensinos Pré-escolar, Fundamental e Médio por Dependência Administrativa - 2024 ri guamá","..\..\Desktop\tabelas-powerBI\6 Guamá\Tabela 5 - Número de Matrículas em Creches e nos Ensinos Pré-escolar, Fundamental e Médio por Dependência Administrativa - 2024 ri guamá.xlsx",Guamá,249835,
RI Guamá,-,-,983,-,-,2399,-,11707,11433,462,-,2233,6 Guamá,5,"Número de Matrículas em Creches e nos Ensinos Pré-escolar, Fundamental e Médio por Dependência Administrativa - 2024 ri guamá",20,"Tabela 5 - Número de Matrículas em Creches e nos Ensinos Pré-escolar, Fundamental e Médio por Dependência Administrativa - 2024 ri guamá","..\..\Desktop\tabelas-powerBI\6 Guamá\Tabela 5 - Número de Matrículas em Creches e nos Ensinos Pré-escolar, Fundamental e Médio por Dependência Administrativa - 2024 ri guamá.xlsx",Guamá,1036295,76612.0
Castanhal,-,-,724,-,-,1565,-,3545,7748,424,-,1605,6 Guamá,5,"Número de Matrículas em Creches e nos Ensinos Pré-escolar, Fundamental e Médio por Dependência Administrativa - 2024 ri guamá",20,"Tabela 5 - Número de Matrículas em Creches e nos Ensinos Pré-escolar, Fundamental e Médio por Dependência Administrativa - 2024 ri guamá","..\..\Desktop\tabelas-powerBI\6 Guamá\Tabela 5 - Número de Matrículas em Creches e nos Ensinos Pré-escolar, Fundamental e Médio por Dependência Administrativa - 2024 ri guamá.xlsx",Guamá,1036295,18324.0
Colares,-,-,-,-,-,-,-,785,-,-,-,-,6 Guamá,5,"Número de Matrículas em Creches e nos Ensinos Pré-escolar, Fundamental e Médio por Dependência Administrativa - 2024 ri guamá",20,"Tabela 5 - Número de Matrículas em Creches e nos Ensinos Pré-escolar, Fundamental e Médio por Dependência Administrativa - 2024 ri guamá","..\..\Desktop\tabelas-powerBI\6 Guamá\Tabela 5 - Número de Matrículas em Creches e nos Ensinos Pré-escolar, Fundamental e Médio por Dependência Administrativa - 2024 ri guamá.xlsx",Guamá,1036295,1099.0
Curuçá,-,-,5,-,-,7,-,373,147,-,-,-,6 Guamá,5,"Número de Matrículas em Creches e nos Ensinos Pré-escolar, Fundamental e Médio por Dependência Administrativa - 2024 ri guamá",20,"Tabela 5 - Número de Matrículas em Creches e nos Ensinos Pré-escolar, Fundamental e Médio por Dependência Administrativa - 2024 ri guamá","..\..\Desktop\tabelas-powerBI\6 Guamá\Tabela 5 - Número de Matrículas em Creches e nos Ensinos Pré-escolar, Fundamental e Médio por Dependência Administrativa - 2024 ri guamá.xlsx",Guamá,1036295,5062.0
Igarapé-Açu,-,-,10,-,-,51,-,2171,573,-,-,97,6 Guamá,5,"Número de Matrículas em Creches e nos Ensinos Pré-escolar, Fundamental e Médio por Dependência Administrativa - 2024 ri guamá",20,"Tabela 5 - Número de Matrículas em Creches e nos Ensinos Pré-escolar, Fundamental e Médio por Dependência Administrativa - 2024 ri guamá","..\..\Desktop\tabelas-powerBI\6 Guamá\Tabela 5 - Número de Matrículas em Creches e nos Ensinos Pré-escolar, Fundamental e Médio por Dependência Administrativa - 2024 ri guamá.xlsx",Guamá,1036295,2927.0
Inhangapi,-,-,-,-,-,-,-,493,-,-,-,-,6 Guamá,5,"Número de Matrículas em Creches e nos Ensinos Pré-escolar, Fundamental e Médio por Dependência Administrativa - 2024 ri guamá",20,"Tabela 5 - Número de Matrículas em Creches e nos Ensinos Pré-escolar, Fundamental e Médio por Dependência Administrativa - 2024 ri guamá","..\..\Desktop\tabelas-powerBI\6 Guamá\Tabela 5 - Número de Matrículas em Creches e nos Ensinos Pré-escolar, Fundamental e Médio por Dependência Administrativa - 2024 ri guamá.xlsx",Guamá,1036295,839.0
Magalhães Barata,-,-,-,-,-,-,-,140,-,-,-,-,6 Guamá,5,"Número de Matrículas em Creches e nos Ensinos Pré-escolar, Fundamental e Médio por Dependência Administrativa - 2024 ri guamá",20,"Tabela 5 - Número de Matrículas em Creches e nos Ensinos Pré-escolar, Fundamental e Médio por Dependência Administrativa - 2024 ri guamá","..\..\Desktop\tabelas-powerBI\6 Guamá\Tabela 5 - Número de Matrículas em Creches e nos Ensinos Pré-escolar, Fundamental e Médio por Dependência Administrativa - 2024 ri guamá.xlsx",Guamá,1036295,1117.0
Maracanã,-,-,-,-,-,-,-,-,-,-,-,-,6 Guamá,5,"Número de Matrículas em Creches e nos Ensinos Pré-escolar, Fundamental e Médio por Dependência Administrativa - 2024 ri guamá",20,"Tabela 5 - Número de Matrículas em Creches e nos Ensinos Pré-escolar, Fundamental e Médio por Dependência Administrativa - 2024 ri guamá","..\..\Desktop\tabelas-powerBI\6 Guamá\Tabela 5 - Número de Matrículas em Creches e nos Ensinos Pré-escolar, Fundamental e Médio por Dependência Administrativa - 2024 ri guamá.xlsx",Guamá,1036295,4254.0
Marapanim,-,-,26,-,-,42,-,-,80,-,-,-,6 Guamá,5,"Número de Matrículas em Creches e nos Ensinos Pré-escolar, Fundamental e Médio por Dependência Administrativa - 2024 ri guamá",20,"Tabela 5 - Número de Matrículas em Creches e nos Ensinos Pré-escolar, Fundamental e Médio por Dependência Administrativa - 2024 ri guamá","..\..\Desktop\tabelas-powerBI\6 Guamá\Tabela 5 - Número de Matrículas em Creches e nos Ensinos Pré-escolar, Fundamental e Médio por Dependência Administrativa - 2024 ri guamá.xlsx",Guamá,1036295,3535.0
Santa Izabel do Pará,-,-,48,-,-,219,-,-,1034,-,-,310,6 Guamá,5,"Número de Matrículas em Creches e nos Ensinos Pré-escolar, Fundamental e Médio por Dependência Administrativa - 2024 ri guamá",20,"Tabela 5 - Número de Matrículas em Creches e nos Ensinos Pré-escolar, Fundamental e Médio por Dependência Administrativa - 2024 ri guamá","..\..\Desktop\tabelas-powerBI\6 Guamá\Tabela 5 - Número de Matrículas em Creches e nos Ensinos Pré-escolar, Fundamental e Médio por Dependência Administrativa - 2024 ri guamá.xlsx",Guamá,1036295,8267.0
Santa Maria do Pará,-,-,26,-,-,76,-,1510,160,-,-,-,6 Guamá,5,"Número de Matrículas em Creches e nos Ensinos Pré-escolar, Fundamental e Médio por Dependência Administrativa - 2024 ri guamá",20,"Tabela 5 - Número de Matrículas em Creches e nos Ensinos Pré-escolar, Fundamental e Médio por Dependência Administrativa - 2024 ri guamá","..\..\Desktop\tabelas-powerBI\6 Guamá\Tabela 5 - Número de Matrículas em Creches e nos Ensinos Pré-escolar, Fundamental e Médio por Dependência Administrativa - 2024 ri guamá.xlsx",Guamá,1036295,1739.0
Santo Antônio do Tauá,-,-,39,-,-,134,-,-,524,-,-,114,6 Guamá,5,"Número de Matrículas em Creches e nos Ensinos Pré-escolar, Fundamental e Médio por Dependência Administrativa - 2024 ri guamá",20,"Tabela 5 - Número de Matrículas em Creches e nos Ensinos Pré-escolar, Fundamental e Médio por Dependência Administrativa - 2024 ri guamá","..\..\Desktop\tabelas-powerBI\6 Guamá\Tabela 5 - Número de Matrículas em Creches e nos Ensinos Pré-escolar, Fundamental e Médio por Dependência Administrativa - 2024 ri guamá.xlsx",Guamá,1036295,4302.0
São Caetano de Odivelas,-,-,-,-,-,-,-,220,-,-,-,-,6 Guamá,5,"Número de Matrículas em Creches e nos Ensinos Pré-escolar, Fundamental e Médio por Dependência Administrativa - 2024 ri guamá",20,"Tabela 5 - Número de Matrículas em Creches e nos Ensinos Pré-escolar, Fundamental e Médio por Dependência Administrativa - 2024 ri guamá","..\..\Desktop\tabelas-powerBI\6 Guamá\Tabela 5 - Número de Matrículas em Creches e nos Ensinos Pré-escolar, Fundamental e Médio por Dependência Administrativa - 2024 ri guamá.xlsx",Guamá,1036295,2221.0
São Domingos do Capim,-,-,12,-,-,36,-,394,119,-,-,-,6 Guamá,5,"Número de Matrículas em Creches e nos Ensinos Pré-escolar, Fundamental e Médio por Dependência Administrativa - 2024 ri guamá",20,"Tabela 5 - Número de Matrículas em Creches e nos Ensinos Pré-escolar, Fundamental e Médio por Dependência Administrativa - 2024 ri guamá","..\..\Desktop\tabelas-powerBI\6 Guamá\Tabela 5 - Número de Matrículas em Creches e nos Ensinos Pré-escolar, Fundamental e Médio por Dependência Administrativa - 2024 ri guamá.xlsx",Guamá,1036295,5296.0
São Francisco do Pará,-,-,13,-,-,37,-,-,107,-,-,-,6 Guamá,5,"Número de Matrículas em Creches e nos Ensinos Pré-escolar, Fundamental e Médio por Dependência Administrativa - 2024 ri guamá",20,"Tabela 5 - Número de Matrículas em Creches e nos Ensinos Pré-escolar, Fundamental e Médio por Dependência Administrativa - 2024 ri guamá","..\..\Desktop\tabelas-powerBI\6 Guamá\Tabela 5 - Número de Matrículas em Creches e nos Ensinos Pré-escolar, Fundamental e Médio por Dependência Administrativa - 2024 ri guamá.xlsx",Guamá,1036295,1964.0
São João da Ponta,-,-,-,-,-,-,-,-,-,-,-,-,6 Guamá,5,"Número de Matrículas em Creches e nos Ensinos Pré-escolar, Fundamental e Médio por Dependência Administrativa - 2024 ri guamá",20,"Tabela 5 - Número de Matrículas em Creches e nos Ensinos Pré-escolar, Fundamental e Médio por Dependência Administrativa - 2024 ri guamá","..\..\Desktop\tabelas-powerBI\6 Guamá\Tabela 5 - Número de Matrículas em Creches e nos Ensinos Pré-escolar, Fundamental e Médio por Dependência Administrativa - 2024 ri guamá.xlsx",Guamá,1036295,893.0
São Miguel do Guamá,-,-,5,-,-,85,-,-,260,-,-,55,6 Guamá,5,"Número de Matrículas em Creches e nos Ensinos Pré-escolar, Fundamental e Médio por Dependência Administrativa - 2024 ri guamá",20,"Tabela 5 - Número de Matrículas em Creches e nos Ensinos Pré-escolar, Fundamental e Médio por Dependência Administrativa - 2024 ri guamá","..\..\Desktop\tabelas-powerBI\6 Guamá\Tabela 5 - Número de Matrículas em Creches e nos Ensinos Pré-escolar, Fundamental e Médio por Dependência Administrativa - 2024 ri guamá.xlsx",Guamá,1036295,9183.0
Terra Alta,-,-,12,-,-,22,-,254,58,-,-,-,6 Guamá,5,"Número de Matrículas em Creches e nos Ensinos Pré-escolar, Fundamental e Médio por Dependência Administrativa - 2024 ri guamá",20,"Tabela 5 - Número de Matrículas em Creches e nos Ensinos Pré-escolar, Fundamental e Médio por Dependência Administrativa - 2024 ri guamá","..\..\Desktop\tabelas-powerBI\6 Guamá\Tabela 5 - Número de Matrículas em Creches e nos Ensinos Pré-escolar, Fundamental e Médio por Dependência Administrativa - 2024 ri guamá.xlsx",Guamá,1036295,1271.0
Vigia,-,-,63,-,-,125,-,1822,623,38,-,52,6 Guamá,5,"Número de Matrículas em Creches e nos Ensinos Pré-escolar, Fundamental e Médio por Dependência Administrativa - 2024 ri guamá",20,"Tabela 5 - Número de Matrículas em Creches e nos Ensinos Pré-escolar, Fundamental e Médio por Dependência Administrativa - 2024 ri guamá","..\..\Desktop\tabelas-powerBI\6 Guamá\Tabela 5 - Número de Matrículas em Creches e nos Ensinos Pré-escolar, Fundamental e Médio por Dependência Administrativa - 2024 ri guamá.xlsx",Guamá,1036295,4319.0
Fonte: MEC - INEP,,,,,,,,,,,,,6 Guamá,5,"Número de Matrículas em Creches e nos Ensinos Pré-escolar, Fundamental e Médio por Dependência Administrativa - 2024 ri guamá",20,"Tabela 5 - Número de Matrículas em Creches e nos Ensinos Pré-escolar, Fundamental e Médio por Dependência Administrativa - 2024 ri guamá","..\..\Desktop\tabelas-powerBI\6 Guamá\Tabela 5 - Número de Matrículas em Creches e nos Ensinos Pré-escolar, Fundamental e Médio por Dependência Administrativa - 2024 ri guamá.xlsx",Guamá,1036295,
Elaboração: FAPESPA,,,,,,,,,,,,,6 Guamá,5,"Número de Matrículas em Creches e nos Ensinos Pré-escolar, Fundamental e Médio por Dependência Administrativa - 2024 ri guamá",20,"Tabela 5 - Número de Matrículas em Creches e nos Ensinos Pré-escolar, Fundamental e Médio por Dependência Administrativa - 2024 ri guamá","..\..\Desktop\tabelas-powerBI\6 Guamá\Tabela 5 - Número de Matrículas em Creches e nos Ensinos Pré-escolar, Fundamental e Médio por Dependência Administrativa - 2024 ri guamá.xlsx",Guamá,1036295,
RI Guamá,-,-,983,-,-,2399,-,11707,11433,462,-,2233,6 Guamá,5,"Número de Matrículas em Creches e nos Ensinos Pré-escolar, Fundamental e Médio por Dependência Administrativa - 2024 ri guamá",20,"Tabela 5 - Número de Matrículas em Creches e nos Ensinos Pré-escolar, Fundamental e Médio por Dependência Administrativa - 2024 ri guamá","..\..\Desktop\tabelas-powerBI\6 Guamá\Tabela 5 - Número de Matrículas em Creches e nos Ensinos Pré-escolar, Fundamental e Médio por Dependência Administrativa - 2024 ri guamá.xlsx",Guamá,1305444,99752.0
Castanhal,-,-,724,-,-,1565,-,3545,7748,424,-,1605,6 Guamá,5,"Número de Matrículas em Creches e nos Ensinos Pré-escolar, Fundamental e Médio por Dependência Administrativa - 2024 ri guamá",20,"Tabela 5 - Número de Matrículas em Creches e nos Ensinos Pré-escolar, Fundamental e Médio por Dependência Administrativa - 2024 ri guamá","..\..\Desktop\tabelas-powerBI\6 Guamá\Tabela 5 - Número de Matrículas em Creches e nos Ensinos Pré-escolar, Fundamental e Médio por Dependência Administrativa - 2024 ri guamá.xlsx",Guamá,1305444,29617.0
Colares,-,-,-,-,-,-,-,785,-,-,-,-,6 Guamá,5,"Número de Matrículas em Creches e nos Ensinos Pré-escolar, Fundamental e Médio por Dependência Administrativa - 2024 ri guamá",20,"Tabela 5 - Número de Matrículas em Creches e nos Ensinos Pré-escolar, Fundamental e Médio por Dependência Administrativa - 2024 ri guamá","..\..\Desktop\tabelas-powerBI\6 Guamá\Tabela 5 - Número de Matrículas em Creches e nos Ensinos Pré-escolar, Fundamental e Médio por Dependência Administrativa - 2024 ri guamá.xlsx",Guamá,1305444,1884.0
Curuçá,-,-,5,-,-,7,-,373,147,-,-,-,6 Guamá,5,"Número de Matrículas em Creches e nos Ensinos Pré-escolar, Fundamental e Médio por Dependência Administrativa - 2024 ri guamá",20,"Tabela 5 - Número de Matrículas em Creches e nos Ensinos Pré-escolar, Fundamental e Médio por Dependência Administrativa - 2024 ri guamá","..\..\Desktop\tabelas-powerBI\6 Guamá\Tabela 5 - Número de Matrículas em Creches e nos Ensinos Pré-escolar, Fundamental e Médio por Dependência Administrativa - 2024 ri guamá.xlsx",Guamá,1305444,5582.0
Igarapé-Açu,-,-,10,-,-,51,-,2171,573,-,-,97,6 Guamá,5,"Número de Matrículas em Creches e nos Ensinos Pré-escolar, Fundamental e Médio por Dependência Administrativa - 2024 ri guamá",20,"Tabela 5 - Número de Matrículas em Creches e nos Ensinos Pré-escolar, Fundamental e Médio por Dependência Administrativa - 2024 ri guamá","..\..\Desktop\tabelas-powerBI\6 Guamá\Tabela 5 - Número de Matrículas em Creches e nos Ensinos Pré-escolar, Fundamental e Médio por Dependência Administrativa - 2024 ri guamá.xlsx",Guamá,1305444,5671.0
Inhangapi,-,-,-,-,-,-,-,493,-,-,-,-,6 Guamá,5,"Número de Matrículas em Creches e nos Ensinos Pré-escolar, Fundamental e Médio por Dependência Administrativa - 2024 ri guamá",20,"Tabela 5 - Número de Matrículas em Creches e nos Ensinos Pré-escolar, Fundamental e Médio por Dependência Administrativa - 2024 ri guamá","..\..\Desktop\tabelas-powerBI\6 Guamá\Tabela 5 - Número de Matrículas em Creches e nos Ensinos Pré-escolar, Fundamental e Médio por Dependência Administrativa - 2024 ri guamá.xlsx",Guamá,1305444,1332.0
Magalhães Barata,-,-,-,-,-,-,-,140,-,-,-,-,6 Guamá,5,"Número de Matrículas em Creches e nos Ensinos Pré-escolar, Fundamental e Médio por Dependência Administrativa - 2024 ri guamá",20,"Tabela 5 - Número de Matrículas em Creches e nos Ensinos Pré-escolar, Fundamental e Médio por Dependência Administrativa - 2024 ri guamá","..\..\Desktop\tabelas-powerBI\6 Guamá\Tabela 5 - Número de Matrículas em Creches e nos Ensinos Pré-escolar, Fundamental e Médio por Dependência Administrativa - 2024 ri guamá.xlsx",Guamá,1305444,1257.0
Maracanã,-,-,-,-,-,-,-,-,-,-,-,-,6 Guamá,5,"Número de Matrículas em Creches e nos Ensinos Pré-escolar, Fundamental e Médio por Dependência Administrativa - 2024 ri guamá",20,"Tabela 5 - Número de Matrículas em Creches e nos Ensinos Pré-escolar, Fundamental e Médio por Dependência Administrativa - 2024 ri guamá","..\..\Desktop\tabelas-powerBI\6 Guamá\Tabela 5 - Número de Matrículas em Creches e nos Ensinos Pré-escolar, Fundamental e Médio por Dependência Administrativa - 2024 ri guamá.xlsx",Guamá,1305444,4254.0
Marapanim,-,-,26,-,-,42,-,-,80,-,-,-,6 Guamá,5,"Número de Matrículas em Creches e nos Ensinos Pré-escolar, Fundamental e Médio por Dependência Administrativa - 2024 ri guamá",20,"Tabela 5 - Número de Matrículas em Creches e nos Ensinos Pré-escolar, Fundamental e Médio por Dependência Administrativa - 2024 ri guamá","..\..\Desktop\tabelas-powerBI\6 Guamá\Tabela 5 - Número de Matrículas em Creches e nos Ensinos Pré-escolar, Fundamental e Médio por Dependência Administrativa - 2024 ri guamá.xlsx",Guamá,1305444,3615.0
Santa Izabel do Pará,-,-,48,-,-,219,-,-,1034,-,-,310,6 Guamá,5,"Número de Matrículas em Creches e nos Ensinos Pré-escolar, Fundamental e Médio por Dependência Administrativa - 2024 ri guamá",20,"Tabela 5 - Número de Matrículas em Creches e nos Ensinos Pré-escolar, Fundamental e Médio por Dependência Administrativa - 2024 ri guamá","..\..\Desktop\tabelas-powerBI\6 Guamá\Tabela 5 - Número de Matrículas em Creches e nos Ensinos Pré-escolar, Fundamental e Médio por Dependência Administrativa - 2024 ri guamá.xlsx",Guamá,1305444,9301.0
Santa Maria do Pará,-,-,26,-,-,76,-,1510,160,-,-,-,6 Guamá,5,"Número de Matrículas em Creches e nos Ensinos Pré-escolar, Fundamental e Médio por Dependência Administrativa - 2024 ri guamá",20,"Tabela 5 - Número de Matrículas em Creches e nos Ensinos Pré-escolar, Fundamental e Médio por Dependência Administrativa - 2024 ri guamá","..\..\Desktop\tabelas-powerBI\6 Guamá\Tabela 5 - Número de Matrículas em Creches e nos Ensinos Pré-escolar, Fundamental e Médio por Dependência Administrativa - 2024 ri guamá.xlsx",Guamá,1305444,3409.0
Santo Antônio do Tauá,-,-,39,-,-,134,-,-,524,-,-,114,6 Guamá,5,"Número de Matrículas em Creches e nos Ensinos Pré-escolar, Fundamental e Médio por Dependência Administrativa - 2024 ri guamá",20,"Tabela 5 - Número de Matrículas em Creches e nos Ensinos Pré-escolar, Fundamental e Médio por Dependência Administrativa - 2024 ri guamá","..\..\Desktop\tabelas-powerBI\6 Guamá\Tabela 5 - Número de Matrículas em Creches e nos Ensinos Pré-escolar, Fundamental e Médio por Dependência Administrativa - 2024 ri guamá.xlsx",Guamá,1305444,4826.0
São Caetano de Odivelas,-,-,-,-,-,-,-,220,-,-,-,-,6 Guamá,5,"Número de Matrículas em Creches e nos Ensinos Pré-escolar, Fundamental e Médio por Dependência Administrativa - 2024 ri guamá",20,"Tabela 5 - Número de Matrículas em Creches e nos Ensinos Pré-escolar, Fundamental e Médio por Dependência Administrativa - 2024 ri guamá","..\..\Desktop\tabelas-powerBI\6 Guamá\Tabela 5 - Número de Matrículas em Creches e nos Ensinos Pré-escolar, Fundamental e Médio por Dependência Administrativa - 2024 ri guamá.xlsx",Guamá,1305444,2441.0
São Domingos do Capim,-,-,12,-,-,36,-,394,119,-,-,-,6 Guamá,5,"Número de Matrículas em Creches e nos Ensinos Pré-escolar, Fundamental e Médio por Dependência Administrativa - 2024 ri guamá",20,"Tabela 5 - Número de Matrículas em Creches e nos Ensinos Pré-escolar, Fundamental e Médio por Dependência Administrativa - 2024 ri guamá","..\..\Desktop\tabelas-powerBI\6 Guamá\Tabela 5 - Número de Matrículas em Creches e nos Ensinos Pré-escolar, Fundamental e Médio por Dependência Administrativa - 2024 ri guamá.xlsx",Guamá,1305444,5809.0
São Francisco do Pará,-,-,13,-,-,37,-,-,107,-,-,-,6 Guamá,5,"Número de Matrículas em Creches e nos Ensinos Pré-escolar, Fundamental e Médio por Dependência Administrativa - 2024 ri guamá",20,"Tabela 5 - Número de Matrículas em Creches e nos Ensinos Pré-escolar, Fundamental e Médio por Dependência Administrativa - 2024 ri guamá","..\..\Desktop\tabelas-powerBI\6 Guamá\Tabela 5 - Número de Matrículas em Creches e nos Ensinos Pré-escolar, Fundamental e Médio por Dependência Administrativa - 2024 ri guamá.xlsx",Guamá,1305444,2071.0
São João da Ponta,-,-,-,-,-,-,-,-,-,-,-,-,6 Guamá,5,"Número de Matrículas em Creches e nos Ensinos Pré-escolar, Fundamental e Médio por Dependência Administrativa - 2024 ri guamá",20,"Tabela 5 - Número de Matrículas em Creches e nos Ensinos Pré-escolar, Fundamental e Médio por Dependência Administrativa - 2024 ri guamá","..\..\Desktop\tabelas-powerBI\6 Guamá\Tabela 5 - Número de Matrículas em Creches e nos Ensinos Pré-escolar, Fundamental e Médio por Dependência Administrativa - 2024 ri guamá.xlsx",Guamá,1305444,893.0
São Miguel do Guamá,-,-,5,-,-,85,-,-,260,-,-,55,6 Guamá,5,"Número de Matrículas em Creches e nos Ensinos Pré-escolar, Fundamental e Médio por Dependência Administrativa - 2024 ri guamá",20,"Tabela 5 - Número de Matrículas em Creches e nos Ensinos Pré-escolar, Fundamental e Médio por Dependência Administrativa - 2024 ri guamá","..\..\Desktop\tabelas-powerBI\6 Guamá\Tabela 5 - Número de Matrículas em Creches e nos Ensinos Pré-escolar, Fundamental e Médio por Dependência Administrativa - 2024 ri guamá.xlsx",Guamá,1305444,9443.0
Terra Alta,-,-,12,-,-,22,-,254,58,-,-,-,6 Guamá,5,"Número de Matrículas em Creches e nos Ensinos Pré-escolar, Fundamental e Médio por Dependência Administrativa - 2024 ri guamá",20,"Tabela 5 - Número de Matrículas em Creches e nos Ensinos Pré-escolar, Fundamental e Médio por Dependência Administrativa - 2024 ri guamá","..\..\Desktop\tabelas-powerBI\6 Guamá\Tabela 5 - Número de Matrículas em Creches e nos Ensinos Pré-escolar, Fundamental e Médio por Dependência Administrativa - 2024 ri guamá.xlsx",Guamá,1305444,1583.0
Vigia,-,-,63,-,-,125,-,1822,623,38,-,52,6 Guamá,5,"Número de Matrículas em Creches e nos Ensinos Pré-escolar, Fundamental e Médio por Dependência Administrativa - 2024 ri guamá",20,"Tabela 5 - Número de Matrículas em Creches e nos Ensinos Pré-escolar, Fundamental e Médio por Dependência Administrativa - 2024 ri guamá","..\..\Desktop\tabelas-powerBI\6 Guamá\Tabela 5 - Número de Matrículas em Creches e nos Ensinos Pré-escolar, Fundamental e Médio por Dependência Administrativa - 2024 ri guamá.xlsx",Guamá,1305444,6764.0
Fonte: MEC - INEP,,,,,,,,,,,,,6 Guamá,5,"Número de Matrículas em Creches e nos Ensinos Pré-escolar, Fundamental e Médio por Dependência Administrativa - 2024 ri guamá",20,"Tabela 5 - Número de Matrículas em Creches e nos Ensinos Pré-escolar, Fundamental e Médio por Dependência Administrativa - 2024 ri guamá","..\..\Desktop\tabelas-powerBI\6 Guamá\Tabela 5 - Número de Matrículas em Creches e nos Ensinos Pré-escolar, Fundamental e Médio por Dependência Administrativa - 2024 ri guamá.xlsx",Guamá,1305444,
Elaboração: FAPESPA,,,,,,,,,,,,,6 Guamá,5,"Número de Matrículas em Creches e nos Ensinos Pré-escolar, Fundamental e Médio por Dependência Administrativa - 2024 ri guamá",20,"Tabela 5 - Número de Matrículas em Creches e nos Ensinos Pré-escolar, Fundamental e Médio por Dependência Administrativa - 2024 ri guamá","..\..\Desktop\tabelas-powerBI\6 Guamá\Tabela 5 - Número de Matrículas em Creches e nos Ensinos Pré-escolar, Fundamental e Médio por Dependência Administrativa - 2024 ri guamá.xlsx",Guamá,1305444,
RI Guamá,-,-,983,-,-,2399,-,11707,11433,462,-,2233,6 Guamá,5,"Número de Matrículas em Creches e nos Ensinos Pré-escolar, Fundamental e Médio por Dependência Administrativa - 2024 ri guamá",20,"Tabela 5 - Número de Matrículas em Creches e nos Ensinos Pré-escolar, Fundamental e Médio por Dependência Administrativa - 2024 ri guamá","..\..\Desktop\tabelas-powerBI\6 Guamá\Tabela 5 - Número de Matrículas em Creches e nos Ensinos Pré-escolar, Fundamental e Médio por Dependência Administrativa - 2024 ri guamá.xlsx",Guamá,312964,26040.0
Castanhal,-,-,724,-,-,1565,-,3545,7748,424,-,1605,6 Guamá,5,"Número de Matrículas em Creches e nos Ensinos Pré-escolar, Fundamental e Médio por Dependência Administrativa - 2024 ri guamá",20,"Tabela 5 - Número de Matrículas em Creches e nos Ensinos Pré-escolar, Fundamental e Médio por Dependência Administrativa - 2024 ri guamá","..\..\Desktop\tabelas-powerBI\6 Guamá\Tabela 5 - Número de Matrículas em Creches e nos Ensinos Pré-escolar, Fundamental e Médio por Dependência Administrativa - 2024 ri guamá.xlsx",Guamá,312964,7203.0
Colares,-,-,-,-,-,-,-,785,-,-,-,-,6 Guamá,5,"Número de Matrículas em Creches e nos Ensinos Pré-escolar, Fundamental e Médio por Dependência Administrativa - 2024 ri guamá",20,"Tabela 5 - Número de Matrículas em Creches e nos Ensinos Pré-escolar, Fundamental e Médio por Dependência Administrativa - 2024 ri guamá","..\..\Desktop\tabelas-powerBI\6 Guamá\Tabela 5 - Número de Matrículas em Creches e nos Ensinos Pré-escolar, Fundamental e Médio por Dependência Administrativa - 2024 ri guamá.xlsx",Guamá,312964,638.0
Curuçá,-,-,5,-,-,7,-,373,147,-,-,-,6 Guamá,5,"Número de Matrículas em Creches e nos Ensinos Pré-escolar, Fundamental e Médio por Dependência Administrativa - 2024 ri guamá",20,"Tabela 5 - Número de Matrículas em Creches e nos Ensinos Pré-escolar, Fundamental e Médio por Dependência Administrativa - 2024 ri guamá","..\..\Desktop\tabelas-powerBI\6 Guamá\Tabela 5 - Número de Matrículas em Creches e nos Ensinos Pré-escolar, Fundamental e Médio por Dependência Administrativa - 2024 ri guamá.xlsx",Guamá,312964,1705.0
Igarapé-Açu,-,-,10,-,-,51,-,2171,573,-,-,97,6 Guamá,5,"Número de Matrículas em Creches e nos Ensinos Pré-escolar, Fundamental e Médio por Dependência Administrativa - 2024 ri guamá",20,"Tabela 5 - Número de Matrículas em Creches e nos Ensinos Pré-escolar, Fundamental e Médio por Dependência Administrativa - 2024 ri guamá","..\..\Desktop\tabelas-powerBI\6 Guamá\Tabela 5 - Número de Matrículas em Creches e nos Ensinos Pré-escolar, Fundamental e Médio por Dependência Administrativa - 2024 ri guamá.xlsx",Guamá,312964,1655.0
Inhangapi,-,-,-,-,-,-,-,493,-,-,-,-,6 Guamá,5,"Número de Matrículas em Creches e nos Ensinos Pré-escolar, Fundamental e Médio por Dependência Administrativa - 2024 ri guamá",20,"Tabela 5 - Número de Matrículas em Creches e nos Ensinos Pré-escolar, Fundamental e Médio por Dependência Administrativa - 2024 ri guamá","..\..\Desktop\tabelas-powerBI\6 Guamá\Tabela 5 - Número de Matrículas em Creches e nos Ensinos Pré-escolar, Fundamental e Médio por Dependência Administrativa - 2024 ri guamá.xlsx",Guamá,312964,392.0
Magalhães Barata,-,-,-,-,-,-,-,140,-,-,-,-,6 Guamá,5,"Número de Matrículas em Creches e nos Ensinos Pré-escolar, Fundamental e Médio por Dependência Administrativa - 2024 ri guamá",20,"Tabela 5 - Número de Matrículas em Creches e nos Ensinos Pré-escolar, Fundamental e Médio por Dependência Administrativa - 2024 ri guamá","..\..\Desktop\tabelas-powerBI\6 Guamá\Tabela 5 - Número de Matrículas em Creches e nos Ensinos Pré-escolar, Fundamental e Médio por Dependência Administrativa - 2024 ri guamá.xlsx",Guamá,312964,354.0
Maracanã,-,-,-,-,-,-,-,-,-,-,-,-,6 Guamá,5,"Número de Matrículas em Creches e nos Ensinos Pré-escolar, Fundamental e Médio por Dependência Administrativa - 2024 ri guamá",20,"Tabela 5 - Número de Matrículas em Creches e nos Ensinos Pré-escolar, Fundamental e Médio por Dependência Administrativa - 2024 ri guamá","..\..\Desktop\tabelas-powerBI\6 Guamá\Tabela 5 - Número de Matrículas em Creches e nos Ensinos Pré-escolar, Fundamental e Médio por Dependência Administrativa - 2024 ri guamá.xlsx",Guamá,312964,1345.0
Marapanim,-,-,26,-,-,42,-,-,80,-,-,-,6 Guamá,5,"Número de Matrículas em Creches e nos Ensinos Pré-escolar, Fundamental e Médio por Dependência Administrativa - 2024 ri guamá",20,"Tabela 5 - Número de Matrículas em Creches e nos Ensinos Pré-escolar, Fundamental e Médio por Dependência Administrativa - 2024 ri guamá","..\..\Desktop\tabelas-powerBI\6 Guamá\Tabela 5 - Número de Matrículas em Creches e nos Ensinos Pré-escolar, Fundamental e Médio por Dependência Administrativa - 2024 ri guamá.xlsx",Guamá,312964,1109.0
Santa Izabel do Pará,-,-,48,-,-,219,-,-,1034,-,-,310,6 Guamá,5,"Número de Matrículas em Creches e nos Ensinos Pré-escolar, Fundamental e Médio por Dependência Administrativa - 2024 ri guamá",20,"Tabela 5 - Número de Matrículas em Creches e nos Ensinos Pré-escolar, Fundamental e Médio por Dependência Administrativa - 2024 ri guamá","..\..\Desktop\tabelas-powerBI\6 Guamá\Tabela 5 - Número de Matrículas em Creches e nos Ensinos Pré-escolar, Fundamental e Médio por Dependência Administrativa - 2024 ri guamá.xlsx",Guamá,312964,1920.0
Santa Maria do Pará,-,-,26,-,-,76,-,1510,160,-,-,-,6 Guamá,5,"Número de Matrículas em Creches e nos Ensinos Pré-escolar, Fundamental e Médio por Dependência Administrativa - 2024 ri guamá",20,"Tabela 5 - Número de Matrículas em Creches e nos Ensinos Pré-escolar, Fundamental e Médio por Dependência Administrativa - 2024 ri guamá","..\..\Desktop\tabelas-powerBI\6 Guamá\Tabela 5 - Número de Matrículas em Creches e nos Ensinos Pré-escolar, Fundamental e Médio por Dependência Administrativa - 2024 ri guamá.xlsx",Guamá,312964,940.0
Santo Antônio do Tauá,-,-,39,-,-,134,-,-,524,-,-,114,6 Guamá,5,"Número de Matrículas em Creches e nos Ensinos Pré-escolar, Fundamental e Médio por Dependência Administrativa - 2024 ri guamá",20,"Tabela 5 - Número de Matrículas em Creches e nos Ensinos Pré-escolar, Fundamental e Médio por Dependência Administrativa - 2024 ri guamá","..\..\Desktop\tabelas-powerBI\6 Guamá\Tabela 5 - Número de Matrículas em Creches e nos Ensinos Pré-escolar, Fundamental e Médio por Dependência Administrativa - 2024 ri guamá.xlsx",Guamá,312964,1170.0
São Caetano de Odivelas,-,-,-,-,-,-,-,220,-,-,-,-,6 Guamá,5,"Número de Matrículas em Creches e nos Ensinos Pré-escolar, Fundamental e Médio por Dependência Administrativa - 2024 ri guamá",20,"Tabela 5 - Número de Matrículas em Creches e nos Ensinos Pré-escolar, Fundamental e Médio por Dependência Administrativa - 2024 ri guamá","..\..\Desktop\tabelas-powerBI\6 Guamá\Tabela 5 - Número de Matrículas em Creches e nos Ensinos Pré-escolar, Fundamental e Médio por Dependência Administrativa - 2024 ri guamá.xlsx",Guamá,312964,509.0
São Domingos do Capim,-,-,12,-,-,36,-,394,119,-,-,-,6 Guamá,5,"Número de Matrículas em Creches e nos Ensinos Pré-escolar, Fundamental e Médio por Dependência Administrativa - 2024 ri guamá",20,"Tabela 5 - Número de Matrículas em Creches e nos Ensinos Pré-escolar, Fundamental e Médio por Dependência Administrativa - 2024 ri guamá","..\..\Desktop\tabelas-powerBI\6 Guamá\Tabela 5 - Número de Matrículas em Creches e nos Ensinos Pré-escolar, Fundamental e Médio por Dependência Administrativa - 2024 ri guamá.xlsx",Guamá,312964,1237.0
São Francisco do Pará,-,-,13,-,-,37,-,-,107,-,-,-,6 Guamá,5,"Número de Matrículas em Creches e nos Ensinos Pré-escolar, Fundamental e Médio por Dependência Administrativa - 2024 ri guamá",20,"Tabela 5 - Número de Matrículas em Creches e nos Ensinos Pré-escolar, Fundamental e Médio por Dependência Administrativa - 2024 ri guamá","..\..\Desktop\tabelas-powerBI\6 Guamá\Tabela 5 - Número de Matrículas em Creches e nos Ensinos Pré-escolar, Fundamental e Médio por Dependência Administrativa - 2024 ri guamá.xlsx",Guamá,312964,646.0
São João da Ponta,-,-,-,-,-,-,-,-,-,-,-,-,6 Guamá,5,"Número de Matrículas em Creches e nos Ensinos Pré-escolar, Fundamental e Médio por Dependência Administrativa - 2024 ri guamá",20,"Tabela 5 - Número de Matrículas em Creches e nos Ensinos Pré-escolar, Fundamental e Médio por Dependência Administrativa - 2024 ri guamá","..\..\Desktop\tabelas-powerBI\6 Guamá\Tabela 5 - Número de Matrículas em Creches e nos Ensinos Pré-escolar, Fundamental e Médio por Dependência Administrativa - 2024 ri guamá.xlsx",Guamá,312964,252.0
São Miguel do Guamá,-,-,5,-,-,85,-,-,260,-,-,55,6 Guamá,5,"Número de Matrículas em Creches e nos Ensinos Pré-escolar, Fundamental e Médio por Dependência Administrativa - 2024 ri guamá",20,"Tabela 5 - Número de Matrículas em Creches e nos Ensinos Pré-escolar, Fundamental e Médio por Dependência Administrativa - 2024 ri guamá","..\..\Desktop\tabelas-powerBI\6 Guamá\Tabela 5 - Número de Matrículas em Creches e nos Ensinos Pré-escolar, Fundamental e Médio por Dependência Administrativa - 2024 ri guamá.xlsx",Guamá,312964,2332.0
Terra Alta,-,-,12,-,-,22,-,254,58,-,-,-,6 Guamá,5,"Número de Matrículas em Creches e nos Ensinos Pré-escolar, Fundamental e Médio por Dependência Administrativa - 2024 ri guamá",20,"Tabela 5 - Número de Matrículas em Creches e nos Ensinos Pré-escolar, Fundamental e Médio por Dependência Administrativa - 2024 ri guamá","..\..\Desktop\tabelas-powerBI\6 Guamá\Tabela 5 - Número de Matrículas em Creches e nos Ensinos Pré-escolar, Fundamental e Médio por Dependência Administrativa - 2024 ri guamá.xlsx",Guamá,312964,539.0
Vigia,-,-,63,-,-,125,-,1822,623,38,-,52,6 Guamá,5,"Número de Matrículas em Creches e nos Ensinos Pré-escolar, Fundamental e Médio por Dependência Administrativa - 2024 ri guamá",20,"Tabela 5 - Número de Matrículas em Creches e nos Ensinos Pré-escolar, Fundamental e Médio por Dependência Administrativa - 2024 ri guamá","..\..\Desktop\tabelas-powerBI\6 Guamá\Tabela 5 - Número de Matrículas em Creches e nos Ensinos Pré-escolar, Fundamental e Médio por Dependência Administrativa - 2024 ri guamá.xlsx",Guamá,312964,2094.0
Fonte: MEC - INEP,,,,,,,,,,,,,6 Guamá,5,"Número de Matrículas em Creches e nos Ensinos Pré-escolar, Fundamental e Médio por Dependência Administrativa - 2024 ri guamá",20,"Tabela 5 - Número de Matrículas em Creches e nos Ensinos Pré-escolar, Fundamental e Médio por Dependência Administrativa - 2024 ri guamá","..\..\Desktop\tabelas-powerBI\6 Guamá\Tabela 5 - Número de Matrículas em Creches e nos Ensinos Pré-escolar, Fundamental e Médio por Dependência Administrativa - 2024 ri guamá.xlsx",Guamá,312964,
Elaboração: FAPESPA,,,,,,,,,,,,,6 Guamá,5,"Número de Matrículas em Creches e nos Ensinos Pré-escolar, Fundamental e Médio por Dependência Administrativa - 2024 ri guamá",20,"Tabela 5 - Número de Matrículas em Creches e nos Ensinos Pré-escolar, Fundamental e Médio por Dependência Administrativa - 2024 ri guamá","..\..\Desktop\tabelas-powerBI\6 Guamá\Tabela 5 - Número de Matrículas em Creches e nos Ensinos Pré-escolar, Fundamental e Médio por Dependência Administrativa - 2024 ri guamá.xlsx",Guamá,312964,
RI Guamá,-,-,983,-,-,2399,-,11707,11433,462,-,2233,6 Guamá,5,"Número de Matrículas em Creches e nos Ensinos Pré-escolar, Fundamental e Médio por Dependência Administrativa - 2024 ri guamá",20,"Tabela 5 - Número de Matrículas em Creches e nos Ensinos Pré-escolar, Fundamental e Médio por Dependência Administrativa - 2024 ri guamá","..\..\Desktop\tabelas-powerBI\6 Guamá\Tabela 5 - Número de Matrículas em Creches e nos Ensinos Pré-escolar, Fundamental e Médio por Dependência Administrativa - 2024 ri guamá.xlsx",Guamá,350746,28735.0
Castanhal,-,-,724,-,-,1565,-,3545,7748,424,-,1605,6 Guamá,5,"Número de Matrículas em Creches e nos Ensinos Pré-escolar, Fundamental e Médio por Dependência Administrativa - 2024 ri guamá",20,"Tabela 5 - Número de Matrículas em Creches e nos Ensinos Pré-escolar, Fundamental e Médio por Dependência Administrativa - 2024 ri guamá","..\..\Desktop\tabelas-powerBI\6 Guamá\Tabela 5 - Número de Matrículas em Creches e nos Ensinos Pré-escolar, Fundamental e Médio por Dependência Administrativa - 2024 ri guamá.xlsx",Guamá,350746,9232.0
Colares,-,-,-,-,-,-,-,785,-,-,-,-,6 Guamá,5,"Número de Matrículas em Creches e nos Ensinos Pré-escolar, Fundamental e Médio por Dependência Administrativa - 2024 ri guamá",20,"Tabela 5 - Número de Matrículas em Creches e nos Ensinos Pré-escolar, Fundamental e Médio por Dependência Administrativa - 2024 ri guamá","..\..\Desktop\tabelas-powerBI\6 Guamá\Tabela 5 - Número de Matrículas em Creches e nos Ensinos Pré-escolar, Fundamental e Médio por Dependência Administrativa - 2024 ri guamá.xlsx",Guamá,350746,638.0
Curuçá,-,-,5,-,-,7,-,373,147,-,-,-,6 Guamá,5,"Número de Matrículas em Creches e nos Ensinos Pré-escolar, Fundamental e Médio por Dependência Administrativa - 2024 ri guamá",20,"Tabela 5 - Número de Matrículas em Creches e nos Ensinos Pré-escolar, Fundamental e Médio por Dependência Administrativa - 2024 ri guamá","..\..\Desktop\tabelas-powerBI\6 Guamá\Tabela 5 - Número de Matrículas em Creches e nos Ensinos Pré-escolar, Fundamental e Médio por Dependência Administrativa - 2024 ri guamá.xlsx",Guamá,350746,1705.0
Igarapé-Açu,-,-,10,-,-,51,-,2171,573,-,-,97,6 Guamá,5,"Número de Matrículas em Creches e nos Ensinos Pré-escolar, Fundamental e Médio por Dependência Administrativa - 2024 ri guamá",20,"Tabela 5 - Número de Matrículas em Creches e nos Ensinos Pré-escolar, Fundamental e Médio por Dependência Administrativa - 2024 ri guamá","..\..\Desktop\tabelas-powerBI\6 Guamá\Tabela 5 - Número de Matrículas em Creches e nos Ensinos Pré-escolar, Fundamental e Médio por Dependência Administrativa - 2024 ri guamá.xlsx",Guamá,350746,1752.0
Inhangapi,-,-,-,-,-,-,-,493,-,-,-,-,6 Guamá,5,"Número de Matrículas em Creches e nos Ensinos Pré-escolar, Fundamental e Médio por Dependência Administrativa - 2024 ri guamá",20,"Tabela 5 - Número de Matrículas em Creches e nos Ensinos Pré-escolar, Fundamental e Médio por Dependência Administrativa - 2024 ri guamá","..\..\Desktop\tabelas-powerBI\6 Guamá\Tabela 5 - Número de Matrículas em Creches e nos Ensinos Pré-escolar, Fundamental e Médio por Dependência Administrativa - 2024 ri guamá.xlsx",Guamá,350746,392.0
Magalhães Barata,-,-,-,-,-,-,-,140,-,-,-,-,6 Guamá,5,"Número de Matrículas em Creches e nos Ensinos Pré-escolar, Fundamental e Médio por Dependência Administrativa - 2024 ri guamá",20,"Tabela 5 - Número de Matrículas em Creches e nos Ensinos Pré-escolar, Fundamental e Médio por Dependência Administrativa - 2024 ri guamá","..\..\Desktop\tabelas-powerBI\6 Guamá\Tabela 5 - Número de Matrículas em Creches e nos Ensinos Pré-escolar, Fundamental e Médio por Dependência Administrativa - 2024 ri guamá.xlsx",Guamá,350746,354.0
Maracanã,-,-,-,-,-,-,-,-,-,-,-,-,6 Guamá,5,"Número de Matrículas em Creches e nos Ensinos Pré-escolar, Fundamental e Médio por Dependência Administrativa - 2024 ri guamá",20,"Tabela 5 - Número de Matrículas em Creches e nos Ensinos Pré-escolar, Fundamental e Médio por Dependência Administrativa - 2024 ri guamá","..\..\Desktop\tabelas-powerBI\6 Guamá\Tabela 5 - Número de Matrículas em Creches e nos Ensinos Pré-escolar, Fundamental e Médio por Dependência Administrativa - 2024 ri guamá.xlsx",Guamá,350746,1345.0
Marapanim,-,-,26,-,-,42,-,-,80,-,-,-,6 Guamá,5,"Número de Matrículas em Creches e nos Ensinos Pré-escolar, Fundamental e Médio por Dependência Administrativa - 2024 ri guamá",20,"Tabela 5 - Número de Matrículas em Creches e nos Ensinos Pré-escolar, Fundamental e Médio por Dependência Administrativa - 2024 ri guamá","..\..\Desktop\tabelas-powerBI\6 Guamá\Tabela 5 - Número de Matrículas em Creches e nos Ensinos Pré-escolar, Fundamental e Médio por Dependência Administrativa - 2024 ri guamá.xlsx",Guamá,350746,1109.0
Santa Izabel do Pará,-,-,48,-,-,219,-,-,1034,-,-,310,6 Guamá,5,"Número de Matrículas em Creches e nos Ensinos Pré-escolar, Fundamental e Médio por Dependência Administrativa - 2024 ri guamá",20,"Tabela 5 - Número de Matrículas em Creches e nos Ensinos Pré-escolar, Fundamental e Médio por Dependência Administrativa - 2024 ri guamá","..\..\Desktop\tabelas-powerBI\6 Guamá\Tabela 5 - Número de Matrículas em Creches e nos Ensinos Pré-escolar, Fundamental e Médio por Dependência Administrativa - 2024 ri guamá.xlsx",Guamá,350746,2230.0
Santa Maria do Pará,-,-,26,-,-,76,-,1510,160,-,-,-,6 Guamá,5,"Número de Matrículas em Creches e nos Ensinos Pré-escolar, Fundamental e Médio por Dependência Administrativa - 2024 ri guamá",20,"Tabela 5 - Número de Matrículas em Creches e nos Ensinos Pré-escolar, Fundamental e Médio por Dependência Administrativa - 2024 ri guamá","..\..\Desktop\tabelas-powerBI\6 Guamá\Tabela 5 - Número de Matrículas em Creches e nos Ensinos Pré-escolar, Fundamental e Médio por Dependência Administrativa - 2024 ri guamá.xlsx",Guamá,350746,940.0
Santo Antônio do Tauá,-,-,39,-,-,134,-,-,524,-,-,114,6 Guamá,5,"Número de Matrículas em Creches e nos Ensinos Pré-escolar, Fundamental e Médio por Dependência Administrativa - 2024 ri guamá",20,"Tabela 5 - Número de Matrículas em Creches e nos Ensinos Pré-escolar, Fundamental e Médio por Dependência Administrativa - 2024 ri guamá","..\..\Desktop\tabelas-powerBI\6 Guamá\Tabela 5 - Número de Matrículas em Creches e nos Ensinos Pré-escolar, Fundamental e Médio por Dependência Administrativa - 2024 ri guamá.xlsx",Guamá,350746,1284.0
São Caetano de Odivelas,-,-,-,-,-,-,-,220,-,-,-,-,6 Guamá,5,"Número de Matrículas em Creches e nos Ensinos Pré-escolar, Fundamental e Médio por Dependência Administrativa - 2024 ri guamá",20,"Tabela 5 - Número de Matrículas em Creches e nos Ensinos Pré-escolar, Fundamental e Médio por Dependência Administrativa - 2024 ri guamá","..\..\Desktop\tabelas-powerBI\6 Guamá\Tabela 5 - Número de Matrículas em Creches e nos Ensinos Pré-escolar, Fundamental e Médio por Dependência Administrativa - 2024 ri guamá.xlsx",Guamá,350746,509.0
São Domingos do Capim,-,-,12,-,-,36,-,394,119,-,-,-,6 Guamá,5,"Número de Matrículas em Creches e nos Ensinos Pré-escolar, Fundamental e Médio por Dependência Administrativa - 2024 ri guamá",20,"Tabela 5 - Número de Matrículas em Creches e nos Ensinos Pré-escolar, Fundamental e Médio por Dependência Administrativa - 2024 ri guamá","..\..\Desktop\tabelas-powerBI\6 Guamá\Tabela 5 - Número de Matrículas em Creches e nos Ensinos Pré-escolar, Fundamental e Médio por Dependência Administrativa - 2024 ri guamá.xlsx",Guamá,350746,1237.0
São Francisco do Pará,-,-,13,-,-,37,-,-,107,-,-,-,6 Guamá,5,"Número de Matrículas em Creches e nos Ensinos Pré-escolar, Fundamental e Médio por Dependência Administrativa - 2024 ri guamá",20,"Tabela 5 - Número de Matrículas em Creches e nos Ensinos Pré-escolar, Fundamental e Médio por Dependência Administrativa - 2024 ri guamá","..\..\Desktop\tabelas-powerBI\6 Guamá\Tabela 5 - Número de Matrículas em Creches e nos Ensinos Pré-escolar, Fundamental e Médio por Dependência Administrativa - 2024 ri guamá.xlsx",Guamá,350746,646.0
São João da Ponta,-,-,-,-,-,-,-,-,-,-,-,-,6 Guamá,5,"Número de Matrículas em Creches e nos Ensinos Pré-escolar, Fundamental e Médio por Dependência Administrativa - 2024 ri guamá",20,"Tabela 5 - Número de Matrículas em Creches e nos Ensinos Pré-escolar, Fundamental e Médio por Dependência Administrativa - 2024 ri guamá","..\..\Desktop\tabelas-powerBI\6 Guamá\Tabela 5 - Número de Matrículas em Creches e nos Ensinos Pré-escolar, Fundamental e Médio por Dependência Administrativa - 2024 ri guamá.xlsx",Guamá,350746,252.0
São Miguel do Guamá,-,-,5,-,-,85,-,-,260,-,-,55,6 Guamá,5,"Número de Matrículas em Creches e nos Ensinos Pré-escolar, Fundamental e Médio por Dependência Administrativa - 2024 ri guamá",20,"Tabela 5 - Número de Matrículas em Creches e nos Ensinos Pré-escolar, Fundamental e Médio por Dependência Administrativa - 2024 ri guamá","..\..\Desktop\tabelas-powerBI\6 Guamá\Tabela 5 - Número de Matrículas em Creches e nos Ensinos Pré-escolar, Fundamental e Médio por Dependência Administrativa - 2024 ri guamá.xlsx",Guamá,350746,2387.0
Terra Alta,-,-,12,-,-,22,-,254,58,-,-,-,6 Guamá,5,"Número de Matrículas em Creches e nos Ensinos Pré-escolar, Fundamental e Médio por Dependência Administrativa - 2024 ri guamá",20,"Tabela 5 - Número de Matrículas em Creches e nos Ensinos Pré-escolar, Fundamental e Médio por Dependência Administrativa - 2024 ri guamá","..\..\Desktop\tabelas-powerBI\6 Guamá\Tabela 5 - Número de Matrículas em Creches e nos Ensinos Pré-escolar, Fundamental e Médio por Dependência Administrativa - 2024 ri guamá.xlsx",Guamá,350746,539.0
Vigia,-,-,63,-,-,125,-,1822,623,38,-,52,6 Guamá,5,"Número de Matrículas em Creches e nos Ensinos Pré-escolar, Fundamental e Médio por Dependência Administrativa - 2024 ri guamá",20,"Tabela 5 - Número de Matrículas em Creches e nos Ensinos Pré-escolar, Fundamental e Médio por Dependência Administrativa - 2024 ri guamá","..\..\Desktop\tabelas-powerBI\6 Guamá\Tabela 5 - Número de Matrículas em Creches e nos Ensinos Pré-escolar, Fundamental e Médio por Dependência Administrativa - 2024 ri guamá.xlsx",Guamá,350746,2184.0
Fonte: MEC - INEP,,,,,,,,,,,,,6 Guamá,5,"Número de Matrículas em Creches e nos Ensinos Pré-escolar, Fundamental e Médio por Dependência Administrativa - 2024 ri guamá",20,"Tabela 5 - Número de Matrículas em Creches e nos Ensinos Pré-escolar, Fundamental e Médio por Dependência Administrativa - 2024 ri guamá","..\..\Desktop\tabelas-powerBI\6 Guamá\Tabela 5 - Número de Matrículas em Creches e nos Ensinos Pré-escolar, Fundamental e Médio por Dependência Administrativa - 2024 ri guamá.xlsx",Guamá,350746,
Elaboração: FAPESPA,,,,,,,,,,,,,6 Guamá,5,"Número de Matrículas em Creches e nos Ensinos Pré-escolar, Fundamental e Médio por Dependência Administrativa - 2024 ri guamá",20,"Tabela 5 - Número de Matrículas em Creches e nos Ensinos Pré-escolar, Fundamental e Médio por Dependência Administrativa - 2024 ri guamá","..\..\Desktop\tabelas-powerBI\6 Guamá\Tabela 5 - Número de Matrículas em Creches e nos Ensinos Pré-escolar, Fundamental e Médio por Dependência Administrativa - 2024 ri guamá.xlsx",Guamá,350746,
