Par,2261365,1691112,1366097,11495038603,regiao,tabela_num,titulo,ano,arquivo,arquivo_path,aba
RI Tapajós,61179,43339,34535,310416074,11 Tapajós,28,"Inform de Famílias Inscritas no CadÚnico para Prog Sociais, Bolsa Família e Auxílio Brasil - 2024 ri tapajos",20,"Tabela 28 - Inform de Famílias Inscritas no CadÚnico para Prog Sociais, Bolsa Família e Auxílio Brasil - 2024 ri tapajos","..\..\Desktop\tabelas-powerBI\11 Tapajós\Tabela 28 - Inform de Famílias Inscritas no CadÚnico para Prog Sociais, Bolsa Família e Auxílio Brasil - 2024 ri tapajos.xlsx",Tapajós
Aveiro,4143,3287,2956,27041200,11 Tapajós,28,"Inform de Famílias Inscritas no CadÚnico para Prog Sociais, Bolsa Família e Auxílio Brasil - 2024 ri tapajos",20,"Tabela 28 - Inform de Famílias Inscritas no CadÚnico para Prog Sociais, Bolsa Família e Auxílio Brasil - 2024 ri tapajos","..\..\Desktop\tabelas-powerBI\11 Tapajós\Tabela 28 - Inform de Famílias Inscritas no CadÚnico para Prog Sociais, Bolsa Família e Auxílio Brasil - 2024 ri tapajos.xlsx",Tapajós
Itaituba,31864,22058,17015,150372687,11 Tapajós,28,"Inform de Famílias Inscritas no CadÚnico para Prog Sociais, Bolsa Família e Auxílio Brasil - 2024 ri tapajos",20,"Tabela 28 - Inform de Famílias Inscritas no CadÚnico para Prog Sociais, Bolsa Família e Auxílio Brasil - 2024 ri tapajos","..\..\Desktop\tabelas-powerBI\11 Tapajós\Tabela 28 - Inform de Famílias Inscritas no CadÚnico para Prog Sociais, Bolsa Família e Auxílio Brasil - 2024 ri tapajos.xlsx",Tapajós
Jacareacanga,5176,4359,3993,40124066,11 Tapajós,28,"Inform de Famílias Inscritas no CadÚnico para Prog Sociais, Bolsa Família e Auxílio Brasil - 2024 ri tapajos",20,"Tabela 28 - Inform de Famílias Inscritas no CadÚnico para Prog Sociais, Bolsa Família e Auxílio Brasil - 2024 ri tapajos","..\..\Desktop\tabelas-powerBI\11 Tapajós\Tabela 28 - Inform de Famílias Inscritas no CadÚnico para Prog Sociais, Bolsa Família e Auxílio Brasil - 2024 ri tapajos.xlsx",Tapajós
Novo Progresso,7748,4781,3257,27908335,11 Tapajós,28,"Inform de Famílias Inscritas no CadÚnico para Prog Sociais, Bolsa Família e Auxílio Brasil - 2024 ri tapajos",20,"Tabela 28 - Inform de Famílias Inscritas no CadÚnico para Prog Sociais, Bolsa Família e Auxílio Brasil - 2024 ri tapajos","..\..\Desktop\tabelas-powerBI\11 Tapajós\Tabela 28 - Inform de Famílias Inscritas no CadÚnico para Prog Sociais, Bolsa Família e Auxílio Brasil - 2024 ri tapajos.xlsx",Tapajós
Rurópolis,7594,5471,4605,40911231,11 Tapajós,28,"Inform de Famílias Inscritas no CadÚnico para Prog Sociais, Bolsa Família e Auxílio Brasil - 2024 ri tapajos",20,"Tabela 28 - Inform de Famílias Inscritas no CadÚnico para Prog Sociais, Bolsa Família e Auxílio Brasil - 2024 ri tapajos","..\..\Desktop\tabelas-powerBI\11 Tapajós\Tabela 28 - Inform de Famílias Inscritas no CadÚnico para Prog Sociais, Bolsa Família e Auxílio Brasil - 2024 ri tapajos.xlsx",Tapajós
Trairão,4654,3383,2709,24058555,11 Tapajós,28,"Inform de Famílias Inscritas no CadÚnico para Prog Sociais, Bolsa Família e Auxílio Brasil - 2024 ri tapajos",20,"Tabela 28 - Inform de Famílias Inscritas no CadÚnico para Prog Sociais, Bolsa Família e Auxílio Brasil - 2024 ri tapajos","..\..\Desktop\tabelas-powerBI\11 Tapajós\Tabela 28 - Inform de Famílias Inscritas no CadÚnico para Prog Sociais, Bolsa Família e Auxílio Brasil - 2024 ri tapajos.xlsx",Tapajós
Fonte: SAGI/MDS,,,,,11 Tapajós,28,"Inform de Famílias Inscritas no CadÚnico para Prog Sociais, Bolsa Família e Auxílio Brasil - 2024 ri tapajos",20,"Tabela 28 - Inform de Famílias Inscritas no CadÚnico para Prog Sociais, Bolsa Família e Auxílio Brasil - 2024 ri tapajos","..\..\Desktop\tabelas-powerBI\11 Tapajós\Tabela 28 - Inform de Famílias Inscritas no CadÚnico para Prog Sociais, Bolsa Família e Auxílio Brasil - 2024 ri tapajos.xlsx",Tapajós
Elaboração: FAPESPA,,,,,11 Tapajós,28,"Inform de Famílias Inscritas no CadÚnico para Prog Sociais, Bolsa Família e Auxílio Brasil - 2024 ri tapajos",20,"Tabela 28 - Inform de Famílias Inscritas no CadÚnico para Prog Sociais, Bolsa Família e Auxílio Brasil - 2024 ri tapajos","..\..\Desktop\tabelas-powerBI\11 Tapajós\Tabela 28 - Inform de Famílias Inscritas no CadÚnico para Prog Sociais, Bolsa Família e Auxílio Brasil - 2024 ri tapajos.xlsx",Tapajós
*Nota: Número de Famílias inscritas no mês de dezembro de 2024.,,,,,11 Tapajós,28,"Inform de Famílias Inscritas no CadÚnico para Prog Sociais, Bolsa Família e Auxílio Brasil - 2024 ri tapajos",20,"Tabela 28 - Inform de Famílias Inscritas no CadÚnico para Prog Sociais, Bolsa Família e Auxílio Brasil - 2024 ri tapajos","..\..\Desktop\tabelas-powerBI\11 Tapajós\Tabela 28 - Inform de Famílias Inscritas no CadÚnico para Prog Sociais, Bolsa Família e Auxílio Brasil - 2024 ri tapajos.xlsx",Tapajós
**Nota: Número de Famílias inscritas no mês de dezembro de 2024 e valor total aplicado no programa de janeiro a dezembro de 2024.,,,,,11 Tapajós,28,"Inform de Famílias Inscritas no CadÚnico para Prog Sociais, Bolsa Família e Auxílio Brasil - 2024 ri tapajos",20,"Tabela 28 - Inform de Famílias Inscritas no CadÚnico para Prog Sociais, Bolsa Família e Auxílio Brasil - 2024 ri tapajos","..\..\Desktop\tabelas-powerBI\11 Tapajós\Tabela 28 - Inform de Famílias Inscritas no CadÚnico para Prog Sociais, Bolsa Família e Auxílio Brasil - 2024 ri tapajos.xlsx",Tapajós
