EstadoMunicpios,regiao,tabela_num,titulo,ano,arquivo,arquivo_path,aba,variavel,valor
Pará,7 Lago de Tucuruí,35,"Área Territorial, Área Cadastrável e Área Cadastrada no Cadastro Ambiental Rural (CAR) - 2025 ri lago de tucurui",20,"Tabela 35 - Área Territorial, Área Cadastrável e Área Cadastrada no Cadastro Ambiental Rural (CAR) - 2025 ri lago de tucurui","..\..\Desktop\tabelas-powerBI\7 Lago de Tucuruí\Tabela 35 - Área Territorial, Área Cadastrável e Área Cadastrada no Cadastro Ambiental Rural (CAR) - 2025 ri lago de tucurui.xlsx",Lago de Tucuruí,rea_Territorial_IBGEkm,1.2458722699999996e+16
RI Lago de Tucuruí,7 Lago de Tucuruí,35,"Área Territorial, Área Cadastrável e Área Cadastrada no Cadastro Ambiental Rural (CAR) - 2025 ri lago de tucurui",20,"Tabela 35 - Área Territorial, Área Cadastrável e Área Cadastrada no Cadastro Ambiental Rural (CAR) - 2025 ri lago de tucurui","..\..\Desktop\tabelas-powerBI\7 Lago de Tucuruí\Tabela 35 - Área Territorial, Área Cadastrável e Área Cadastrada no Cadastro Ambiental Rural (CAR) - 2025 ri lago de tucurui.xlsx",Lago de Tucuruí,rea_Territorial_IBGEkm,3990143.0
Breu Branco,7 Lago de Tucuruí,35,"Área Territorial, Área Cadastrável e Área Cadastrada no Cadastro Ambiental Rural (CAR) - 2025 ri lago de tucurui",20,"Tabela 35 - Área Territorial, Área Cadastrável e Área Cadastrada no Cadastro Ambiental Rural (CAR) - 2025 ri lago de tucurui","..\..\Desktop\tabelas-powerBI\7 Lago de Tucuruí\Tabela 35 - Área Territorial, Área Cadastrável e Área Cadastrada no Cadastro Ambiental Rural (CAR) - 2025 ri lago de tucurui.xlsx",Lago de Tucuruí,rea_Territorial_IBGEkm,39419.0
Goianésia do Pará,7 Lago de Tucuruí,35,"Área Territorial, Área Cadastrável e Área Cadastrada no Cadastro Ambiental Rural (CAR) - 2025 ri lago de tucurui",20,"Tabela 35 - Área Territorial, Área Cadastrável e Área Cadastrada no Cadastro Ambiental Rural (CAR) - 2025 ri lago de tucurui","..\..\Desktop\tabelas-powerBI\7 Lago de Tucuruí\Tabela 35 - Área Territorial, Área Cadastrável e Área Cadastrada no Cadastro Ambiental Rural (CAR) - 2025 ri lago de tucurui.xlsx",Lago de Tucuruí,rea_Territorial_IBGEkm,702394.0
Itupiranga,7 Lago de Tucuruí,35,"Área Territorial, Área Cadastrável e Área Cadastrada no Cadastro Ambiental Rural (CAR) - 2025 ri lago de tucurui",20,"Tabela 35 - Área Territorial, Área Cadastrável e Área Cadastrada no Cadastro Ambiental Rural (CAR) - 2025 ri lago de tucurui","..\..\Desktop\tabelas-powerBI\7 Lago de Tucuruí\Tabela 35 - Área Territorial, Área Cadastrável e Área Cadastrada no Cadastro Ambiental Rural (CAR) - 2025 ri lago de tucurui.xlsx",Lago de Tucuruí,rea_Territorial_IBGEkm,78801.0
Jacundá,7 Lago de Tucuruí,35,"Área Territorial, Área Cadastrável e Área Cadastrada no Cadastro Ambiental Rural (CAR) - 2025 ri lago de tucurui",20,"Tabela 35 - Área Territorial, Área Cadastrável e Área Cadastrada no Cadastro Ambiental Rural (CAR) - 2025 ri lago de tucurui","..\..\Desktop\tabelas-powerBI\7 Lago de Tucuruí\Tabela 35 - Área Territorial, Área Cadastrável e Área Cadastrada no Cadastro Ambiental Rural (CAR) - 2025 ri lago de tucurui.xlsx",Lago de Tucuruí,rea_Territorial_IBGEkm,200831.0
Nova Ipixuna,7 Lago de Tucuruí,35,"Área Territorial, Área Cadastrável e Área Cadastrada no Cadastro Ambiental Rural (CAR) - 2025 ri lago de tucurui",20,"Tabela 35 - Área Territorial, Área Cadastrável e Área Cadastrada no Cadastro Ambiental Rural (CAR) - 2025 ri lago de tucurui","..\..\Desktop\tabelas-powerBI\7 Lago de Tucuruí\Tabela 35 - Área Territorial, Área Cadastrável e Área Cadastrada no Cadastro Ambiental Rural (CAR) - 2025 ri lago de tucurui.xlsx",Lago de Tucuruí,rea_Territorial_IBGEkm,156418.0
Novo Repartimento,7 Lago de Tucuruí,35,"Área Territorial, Área Cadastrável e Área Cadastrada no Cadastro Ambiental Rural (CAR) - 2025 ri lago de tucurui",20,"Tabela 35 - Área Territorial, Área Cadastrável e Área Cadastrada no Cadastro Ambiental Rural (CAR) - 2025 ri lago de tucurui","..\..\Desktop\tabelas-powerBI\7 Lago de Tucuruí\Tabela 35 - Área Territorial, Área Cadastrável e Área Cadastrada no Cadastro Ambiental Rural (CAR) - 2025 ri lago de tucurui.xlsx",Lago de Tucuruí,rea_Territorial_IBGEkm,1539872.0
Tucuruí,7 Lago de Tucuruí,35,"Área Territorial, Área Cadastrável e Área Cadastrada no Cadastro Ambiental Rural (CAR) - 2025 ri lago de tucurui",20,"Tabela 35 - Área Territorial, Área Cadastrável e Área Cadastrada no Cadastro Ambiental Rural (CAR) - 2025 ri lago de tucurui","..\..\Desktop\tabelas-powerBI\7 Lago de Tucuruí\Tabela 35 - Área Territorial, Área Cadastrável e Área Cadastrada no Cadastro Ambiental Rural (CAR) - 2025 ri lago de tucurui.xlsx",Lago de Tucuruí,rea_Territorial_IBGEkm,208428.0
Fonte: SEMAS/SICAR,7 Lago de Tucuruí,35,"Área Territorial, Área Cadastrável e Área Cadastrada no Cadastro Ambiental Rural (CAR) - 2025 ri lago de tucurui",20,"Tabela 35 - Área Territorial, Área Cadastrável e Área Cadastrada no Cadastro Ambiental Rural (CAR) - 2025 ri lago de tucurui","..\..\Desktop\tabelas-powerBI\7 Lago de Tucuruí\Tabela 35 - Área Territorial, Área Cadastrável e Área Cadastrada no Cadastro Ambiental Rural (CAR) - 2025 ri lago de tucurui.xlsx",Lago de Tucuruí,rea_Territorial_IBGEkm,
Elaboração: FAPESPA,7 Lago de Tucuruí,35,"Área Territorial, Área Cadastrável e Área Cadastrada no Cadastro Ambiental Rural (CAR) - 2025 ri lago de tucurui",20,"Tabela 35 - Área Territorial, Área Cadastrável e Área Cadastrada no Cadastro Ambiental Rural (CAR) - 2025 ri lago de tucurui","..\..\Desktop\tabelas-powerBI\7 Lago de Tucuruí\Tabela 35 - Área Territorial, Área Cadastrável e Área Cadastrada no Cadastro Ambiental Rural (CAR) - 2025 ri lago de tucurui.xlsx",Lago de Tucuruí,rea_Territorial_IBGEkm,
*Nota: Dados preliminares extraídos em Novembro/2025.,7 Lago de Tucuruí,35,"Área Territorial, Área Cadastrável e Área Cadastrada no Cadastro Ambiental Rural (CAR) - 2025 ri lago de tucurui",20,"Tabela 35 - Área Territorial, Área Cadastrável e Área Cadastrada no Cadastro Ambiental Rural (CAR) - 2025 ri lago de tucurui","..\..\Desktop\tabelas-powerBI\7 Lago de Tucuruí\Tabela 35 - Área Territorial, Área Cadastrável e Área Cadastrada no Cadastro Ambiental Rural (CAR) - 2025 ri lago de tucurui.xlsx",Lago de Tucuruí,rea_Territorial_IBGEkm,
Pará,7 Lago de Tucuruí,35,"Área Territorial, Área Cadastrável e Área Cadastrada no Cadastro Ambiental Rural (CAR) - 2025 ri lago de tucurui",20,"Tabela 35 - Área Territorial, Área Cadastrável e Área Cadastrada no Cadastro Ambiental Rural (CAR) - 2025 ri lago de tucurui","..\..\Desktop\tabelas-powerBI\7 Lago de Tucuruí\Tabela 35 - Área Territorial, Área Cadastrável e Área Cadastrada no Cadastro Ambiental Rural (CAR) - 2025 ri lago de tucurui.xlsx",Lago de Tucuruí,rea_Cadastrvel_km,5848309106000001.0
RI Lago de Tucuruí,7 Lago de Tucuruí,35,"Área Territorial, Área Cadastrável e Área Cadastrada no Cadastro Ambiental Rural (CAR) - 2025 ri lago de tucurui",20,"Tabela 35 - Área Territorial, Área Cadastrável e Área Cadastrada no Cadastro Ambiental Rural (CAR) - 2025 ri lago de tucurui","..\..\Desktop\tabelas-powerBI\7 Lago de Tucuruí\Tabela 35 - Área Territorial, Área Cadastrável e Área Cadastrada no Cadastro Ambiental Rural (CAR) - 2025 ri lago de tucurui.xlsx",Lago de Tucuruí,rea_Cadastrvel_km,331113058.0
Breu Branco,7 Lago de Tucuruí,35,"Área Territorial, Área Cadastrável e Área Cadastrada no Cadastro Ambiental Rural (CAR) - 2025 ri lago de tucurui",20,"Tabela 35 - Área Territorial, Área Cadastrável e Área Cadastrada no Cadastro Ambiental Rural (CAR) - 2025 ri lago de tucurui","..\..\Desktop\tabelas-powerBI\7 Lago de Tucuruí\Tabela 35 - Área Territorial, Área Cadastrável e Área Cadastrada no Cadastro Ambiental Rural (CAR) - 2025 ri lago de tucurui.xlsx",Lago de Tucuruí,rea_Cadastrvel_km,36706022.0
Goianésia do Pará,7 Lago de Tucuruí,35,"Área Territorial, Área Cadastrável e Área Cadastrada no Cadastro Ambiental Rural (CAR) - 2025 ri lago de tucurui",20,"Tabela 35 - Área Territorial, Área Cadastrável e Área Cadastrada no Cadastro Ambiental Rural (CAR) - 2025 ri lago de tucurui","..\..\Desktop\tabelas-powerBI\7 Lago de Tucuruí\Tabela 35 - Área Territorial, Área Cadastrável e Área Cadastrada no Cadastro Ambiental Rural (CAR) - 2025 ri lago de tucurui.xlsx",Lago de Tucuruí,rea_Cadastrvel_km,6.540606800000001e+16
Itupiranga,7 Lago de Tucuruí,35,"Área Territorial, Área Cadastrável e Área Cadastrada no Cadastro Ambiental Rural (CAR) - 2025 ri lago de tucurui",20,"Tabela 35 - Área Territorial, Área Cadastrável e Área Cadastrada no Cadastro Ambiental Rural (CAR) - 2025 ri lago de tucurui","..\..\Desktop\tabelas-powerBI\7 Lago de Tucuruí\Tabela 35 - Área Territorial, Área Cadastrável e Área Cadastrada no Cadastro Ambiental Rural (CAR) - 2025 ri lago de tucurui.xlsx",Lago de Tucuruí,rea_Cadastrvel_km,6354459.0
Jacundá,7 Lago de Tucuruí,35,"Área Territorial, Área Cadastrável e Área Cadastrada no Cadastro Ambiental Rural (CAR) - 2025 ri lago de tucurui",20,"Tabela 35 - Área Territorial, Área Cadastrável e Área Cadastrada no Cadastro Ambiental Rural (CAR) - 2025 ri lago de tucurui","..\..\Desktop\tabelas-powerBI\7 Lago de Tucuruí\Tabela 35 - Área Territorial, Área Cadastrável e Área Cadastrada no Cadastro Ambiental Rural (CAR) - 2025 ri lago de tucurui.xlsx",Lago de Tucuruí,rea_Cadastrvel_km,1.7309535999999998e+16
Nova Ipixuna,7 Lago de Tucuruí,35,"Área Territorial, Área Cadastrável e Área Cadastrada no Cadastro Ambiental Rural (CAR) - 2025 ri lago de tucurui",20,"Tabela 35 - Área Territorial, Área Cadastrável e Área Cadastrada no Cadastro Ambiental Rural (CAR) - 2025 ri lago de tucurui","..\..\Desktop\tabelas-powerBI\7 Lago de Tucuruí\Tabela 35 - Área Territorial, Área Cadastrável e Área Cadastrada no Cadastro Ambiental Rural (CAR) - 2025 ri lago de tucurui.xlsx",Lago de Tucuruí,rea_Cadastrvel_km,14633963.0
Novo Repartimento,7 Lago de Tucuruí,35,"Área Territorial, Área Cadastrável e Área Cadastrada no Cadastro Ambiental Rural (CAR) - 2025 ri lago de tucurui",20,"Tabela 35 - Área Territorial, Área Cadastrável e Área Cadastrada no Cadastro Ambiental Rural (CAR) - 2025 ri lago de tucurui","..\..\Desktop\tabelas-powerBI\7 Lago de Tucuruí\Tabela 35 - Área Territorial, Área Cadastrável e Área Cadastrada no Cadastro Ambiental Rural (CAR) - 2025 ri lago de tucurui.xlsx",Lago de Tucuruí,rea_Cadastrvel_km,12008781.0
Tucuruí,7 Lago de Tucuruí,35,"Área Territorial, Área Cadastrável e Área Cadastrada no Cadastro Ambiental Rural (CAR) - 2025 ri lago de tucurui",20,"Tabela 35 - Área Territorial, Área Cadastrável e Área Cadastrada no Cadastro Ambiental Rural (CAR) - 2025 ri lago de tucurui","..\..\Desktop\tabelas-powerBI\7 Lago de Tucuruí\Tabela 35 - Área Territorial, Área Cadastrável e Área Cadastrada no Cadastro Ambiental Rural (CAR) - 2025 ri lago de tucurui.xlsx",Lago de Tucuruí,rea_Cadastrvel_km,13425069.0
Fonte: SEMAS/SICAR,7 Lago de Tucuruí,35,"Área Territorial, Área Cadastrável e Área Cadastrada no Cadastro Ambiental Rural (CAR) - 2025 ri lago de tucurui",20,"Tabela 35 - Área Territorial, Área Cadastrável e Área Cadastrada no Cadastro Ambiental Rural (CAR) - 2025 ri lago de tucurui","..\..\Desktop\tabelas-powerBI\7 Lago de Tucuruí\Tabela 35 - Área Territorial, Área Cadastrável e Área Cadastrada no Cadastro Ambiental Rural (CAR) - 2025 ri lago de tucurui.xlsx",Lago de Tucuruí,rea_Cadastrvel_km,
Elaboração: FAPESPA,7 Lago de Tucuruí,35,"Área Territorial, Área Cadastrável e Área Cadastrada no Cadastro Ambiental Rural (CAR) - 2025 ri lago de tucurui",20,"Tabela 35 - Área Territorial, Área Cadastrável e Área Cadastrada no Cadastro Ambiental Rural (CAR) - 2025 ri lago de tucurui","..\..\Desktop\tabelas-powerBI\7 Lago de Tucuruí\Tabela 35 - Área Territorial, Área Cadastrável e Área Cadastrada no Cadastro Ambiental Rural (CAR) - 2025 ri lago de tucurui.xlsx",Lago de Tucuruí,rea_Cadastrvel_km,
*Nota: Dados preliminares extraídos em Novembro/2025.,7 Lago de Tucuruí,35,"Área Territorial, Área Cadastrável e Área Cadastrada no Cadastro Ambiental Rural (CAR) - 2025 ri lago de tucurui",20,"Tabela 35 - Área Territorial, Área Cadastrável e Área Cadastrada no Cadastro Ambiental Rural (CAR) - 2025 ri lago de tucurui","..\..\Desktop\tabelas-powerBI\7 Lago de Tucuruí\Tabela 35 - Área Territorial, Área Cadastrável e Área Cadastrada no Cadastro Ambiental Rural (CAR) - 2025 ri lago de tucurui.xlsx",Lago de Tucuruí,rea_Cadastrvel_km,
Pará,7 Lago de Tucuruí,35,"Área Territorial, Área Cadastrável e Área Cadastrada no Cadastro Ambiental Rural (CAR) - 2025 ri lago de tucurui",20,"Tabela 35 - Área Territorial, Área Cadastrável e Área Cadastrada no Cadastro Ambiental Rural (CAR) - 2025 ri lago de tucurui","..\..\Desktop\tabelas-powerBI\7 Lago de Tucuruí\Tabela 35 - Área Territorial, Área Cadastrável e Área Cadastrada no Cadastro Ambiental Rural (CAR) - 2025 ri lago de tucurui.xlsx",Lago de Tucuruí,_de_rea_Cadastrvel,4694148225965414.0
RI Lago de Tucuruí,7 Lago de Tucuruí,35,"Área Territorial, Área Cadastrável e Área Cadastrada no Cadastro Ambiental Rural (CAR) - 2025 ri lago de tucurui",20,"Tabela 35 - Área Territorial, Área Cadastrável e Área Cadastrada no Cadastro Ambiental Rural (CAR) - 2025 ri lago de tucurui","..\..\Desktop\tabelas-powerBI\7 Lago de Tucuruí\Tabela 35 - Área Territorial, Área Cadastrável e Área Cadastrada no Cadastro Ambiental Rural (CAR) - 2025 ri lago de tucurui.xlsx",Lago de Tucuruí,_de_rea_Cadastrvel,8298275475340108.0
Breu Branco,7 Lago de Tucuruí,35,"Área Territorial, Área Cadastrável e Área Cadastrada no Cadastro Ambiental Rural (CAR) - 2025 ri lago de tucurui",20,"Tabela 35 - Área Territorial, Área Cadastrável e Área Cadastrada no Cadastro Ambiental Rural (CAR) - 2025 ri lago de tucurui","..\..\Desktop\tabelas-powerBI\7 Lago de Tucuruí\Tabela 35 - Área Territorial, Área Cadastrável e Área Cadastrada no Cadastro Ambiental Rural (CAR) - 2025 ri lago de tucurui.xlsx",Lago de Tucuruí,_de_rea_Cadastrvel,9311758796519444.0
Goianésia do Pará,7 Lago de Tucuruí,35,"Área Territorial, Área Cadastrável e Área Cadastrada no Cadastro Ambiental Rural (CAR) - 2025 ri lago de tucurui",20,"Tabela 35 - Área Territorial, Área Cadastrável e Área Cadastrada no Cadastro Ambiental Rural (CAR) - 2025 ri lago de tucurui","..\..\Desktop\tabelas-powerBI\7 Lago de Tucuruí\Tabela 35 - Área Territorial, Área Cadastrável e Área Cadastrada no Cadastro Ambiental Rural (CAR) - 2025 ri lago de tucurui.xlsx",Lago de Tucuruí,_de_rea_Cadastrvel,931187737936258.0
Itupiranga,7 Lago de Tucuruí,35,"Área Territorial, Área Cadastrável e Área Cadastrada no Cadastro Ambiental Rural (CAR) - 2025 ri lago de tucurui",20,"Tabela 35 - Área Territorial, Área Cadastrável e Área Cadastrada no Cadastro Ambiental Rural (CAR) - 2025 ri lago de tucurui","..\..\Desktop\tabelas-powerBI\7 Lago de Tucuruí\Tabela 35 - Área Territorial, Área Cadastrável e Área Cadastrada no Cadastro Ambiental Rural (CAR) - 2025 ri lago de tucurui.xlsx",Lago de Tucuruí,_de_rea_Cadastrvel,8063931929797845.0
Jacundá,7 Lago de Tucuruí,35,"Área Territorial, Área Cadastrável e Área Cadastrada no Cadastro Ambiental Rural (CAR) - 2025 ri lago de tucurui",20,"Tabela 35 - Área Territorial, Área Cadastrável e Área Cadastrada no Cadastro Ambiental Rural (CAR) - 2025 ri lago de tucurui","..\..\Desktop\tabelas-powerBI\7 Lago de Tucuruí\Tabela 35 - Área Territorial, Área Cadastrável e Área Cadastrada no Cadastro Ambiental Rural (CAR) - 2025 ri lago de tucurui.xlsx",Lago de Tucuruí,_de_rea_Cadastrvel,8618956236835946.0
Nova Ipixuna,7 Lago de Tucuruí,35,"Área Territorial, Área Cadastrável e Área Cadastrada no Cadastro Ambiental Rural (CAR) - 2025 ri lago de tucurui",20,"Tabela 35 - Área Territorial, Área Cadastrável e Área Cadastrada no Cadastro Ambiental Rural (CAR) - 2025 ri lago de tucurui","..\..\Desktop\tabelas-powerBI\7 Lago de Tucuruí\Tabela 35 - Área Territorial, Área Cadastrável e Área Cadastrada no Cadastro Ambiental Rural (CAR) - 2025 ri lago de tucurui.xlsx",Lago de Tucuruí,_de_rea_Cadastrvel,9355677095986396.0
Novo Repartimento,7 Lago de Tucuruí,35,"Área Territorial, Área Cadastrável e Área Cadastrada no Cadastro Ambiental Rural (CAR) - 2025 ri lago de tucurui",20,"Tabela 35 - Área Territorial, Área Cadastrável e Área Cadastrada no Cadastro Ambiental Rural (CAR) - 2025 ri lago de tucurui","..\..\Desktop\tabelas-powerBI\7 Lago de Tucuruí\Tabela 35 - Área Territorial, Área Cadastrável e Área Cadastrada no Cadastro Ambiental Rural (CAR) - 2025 ri lago de tucurui.xlsx",Lago de Tucuruí,_de_rea_Cadastrvel,7798557932087863.0
Tucuruí,7 Lago de Tucuruí,35,"Área Territorial, Área Cadastrável e Área Cadastrada no Cadastro Ambiental Rural (CAR) - 2025 ri lago de tucurui",20,"Tabela 35 - Área Territorial, Área Cadastrável e Área Cadastrada no Cadastro Ambiental Rural (CAR) - 2025 ri lago de tucurui","..\..\Desktop\tabelas-powerBI\7 Lago de Tucuruí\Tabela 35 - Área Territorial, Área Cadastrável e Área Cadastrada no Cadastro Ambiental Rural (CAR) - 2025 ri lago de tucurui.xlsx",Lago de Tucuruí,_de_rea_Cadastrvel,6441106281305774.0
Fonte: SEMAS/SICAR,7 Lago de Tucuruí,35,"Área Territorial, Área Cadastrável e Área Cadastrada no Cadastro Ambiental Rural (CAR) - 2025 ri lago de tucurui",20,"Tabela 35 - Área Territorial, Área Cadastrável e Área Cadastrada no Cadastro Ambiental Rural (CAR) - 2025 ri lago de tucurui","..\..\Desktop\tabelas-powerBI\7 Lago de Tucuruí\Tabela 35 - Área Territorial, Área Cadastrável e Área Cadastrada no Cadastro Ambiental Rural (CAR) - 2025 ri lago de tucurui.xlsx",Lago de Tucuruí,_de_rea_Cadastrvel,
Elaboração: FAPESPA,7 Lago de Tucuruí,35,"Área Territorial, Área Cadastrável e Área Cadastrada no Cadastro Ambiental Rural (CAR) - 2025 ri lago de tucurui",20,"Tabela 35 - Área Territorial, Área Cadastrável e Área Cadastrada no Cadastro Ambiental Rural (CAR) - 2025 ri lago de tucurui","..\..\Desktop\tabelas-powerBI\7 Lago de Tucuruí\Tabela 35 - Área Territorial, Área Cadastrável e Área Cadastrada no Cadastro Ambiental Rural (CAR) - 2025 ri lago de tucurui.xlsx",Lago de Tucuruí,_de_rea_Cadastrvel,
*Nota: Dados preliminares extraídos em Novembro/2025.,7 Lago de Tucuruí,35,"Área Territorial, Área Cadastrável e Área Cadastrada no Cadastro Ambiental Rural (CAR) - 2025 ri lago de tucurui",20,"Tabela 35 - Área Territorial, Área Cadastrável e Área Cadastrada no Cadastro Ambiental Rural (CAR) - 2025 ri lago de tucurui","..\..\Desktop\tabelas-powerBI\7 Lago de Tucuruí\Tabela 35 - Área Territorial, Área Cadastrável e Área Cadastrada no Cadastro Ambiental Rural (CAR) - 2025 ri lago de tucurui.xlsx",Lago de Tucuruí,_de_rea_Cadastrvel,
Pará,7 Lago de Tucuruí,35,"Área Territorial, Área Cadastrável e Área Cadastrada no Cadastro Ambiental Rural (CAR) - 2025 ri lago de tucurui",20,"Tabela 35 - Área Territorial, Área Cadastrável e Área Cadastrada no Cadastro Ambiental Rural (CAR) - 2025 ri lago de tucurui","..\..\Desktop\tabelas-powerBI\7 Lago de Tucuruí\Tabela 35 - Área Territorial, Área Cadastrável e Área Cadastrada no Cadastro Ambiental Rural (CAR) - 2025 ri lago de tucurui.xlsx",Lago de Tucuruí,rea_de_CAR_km,5058925174.0
RI Lago de Tucuruí,7 Lago de Tucuruí,35,"Área Territorial, Área Cadastrável e Área Cadastrada no Cadastro Ambiental Rural (CAR) - 2025 ri lago de tucurui",20,"Tabela 35 - Área Territorial, Área Cadastrável e Área Cadastrada no Cadastro Ambiental Rural (CAR) - 2025 ri lago de tucurui","..\..\Desktop\tabelas-powerBI\7 Lago de Tucuruí\Tabela 35 - Área Territorial, Área Cadastrável e Área Cadastrada no Cadastro Ambiental Rural (CAR) - 2025 ri lago de tucurui.xlsx",Lago de Tucuruí,rea_de_CAR_km,295510567.0
Breu Branco,7 Lago de Tucuruí,35,"Área Territorial, Área Cadastrável e Área Cadastrada no Cadastro Ambiental Rural (CAR) - 2025 ri lago de tucurui",20,"Tabela 35 - Área Territorial, Área Cadastrável e Área Cadastrada no Cadastro Ambiental Rural (CAR) - 2025 ri lago de tucurui","..\..\Desktop\tabelas-powerBI\7 Lago de Tucuruí\Tabela 35 - Área Territorial, Área Cadastrável e Área Cadastrada no Cadastro Ambiental Rural (CAR) - 2025 ri lago de tucurui.xlsx",Lago de Tucuruí,rea_de_CAR_km,31262455.0
Goianésia do Pará,7 Lago de Tucuruí,35,"Área Territorial, Área Cadastrável e Área Cadastrada no Cadastro Ambiental Rural (CAR) - 2025 ri lago de tucurui",20,"Tabela 35 - Área Territorial, Área Cadastrável e Área Cadastrada no Cadastro Ambiental Rural (CAR) - 2025 ri lago de tucurui","..\..\Desktop\tabelas-powerBI\7 Lago de Tucuruí\Tabela 35 - Área Territorial, Área Cadastrável e Área Cadastrada no Cadastro Ambiental Rural (CAR) - 2025 ri lago de tucurui.xlsx",Lago de Tucuruí,rea_de_CAR_km,58298286.0
Itupiranga,7 Lago de Tucuruí,35,"Área Territorial, Área Cadastrável e Área Cadastrada no Cadastro Ambiental Rural (CAR) - 2025 ri lago de tucurui",20,"Tabela 35 - Área Territorial, Área Cadastrável e Área Cadastrada no Cadastro Ambiental Rural (CAR) - 2025 ri lago de tucurui","..\..\Desktop\tabelas-powerBI\7 Lago de Tucuruí\Tabela 35 - Área Territorial, Área Cadastrável e Área Cadastrada no Cadastro Ambiental Rural (CAR) - 2025 ri lago de tucurui.xlsx",Lago de Tucuruí,rea_de_CAR_km,59454867.0
Jacundá,7 Lago de Tucuruí,35,"Área Territorial, Área Cadastrável e Área Cadastrada no Cadastro Ambiental Rural (CAR) - 2025 ri lago de tucurui",20,"Tabela 35 - Área Territorial, Área Cadastrável e Área Cadastrada no Cadastro Ambiental Rural (CAR) - 2025 ri lago de tucurui","..\..\Desktop\tabelas-powerBI\7 Lago de Tucuruí\Tabela 35 - Área Territorial, Área Cadastrável e Área Cadastrada no Cadastro Ambiental Rural (CAR) - 2025 ri lago de tucurui.xlsx",Lago de Tucuruí,rea_de_CAR_km,15044868.0
Nova Ipixuna,7 Lago de Tucuruí,35,"Área Territorial, Área Cadastrável e Área Cadastrada no Cadastro Ambiental Rural (CAR) - 2025 ri lago de tucurui",20,"Tabela 35 - Área Territorial, Área Cadastrável e Área Cadastrada no Cadastro Ambiental Rural (CAR) - 2025 ri lago de tucurui","..\..\Desktop\tabelas-powerBI\7 Lago de Tucuruí\Tabela 35 - Área Territorial, Área Cadastrável e Área Cadastrada no Cadastro Ambiental Rural (CAR) - 2025 ri lago de tucurui.xlsx",Lago de Tucuruí,rea_de_CAR_km,12282247.0
Novo Repartimento,7 Lago de Tucuruí,35,"Área Territorial, Área Cadastrável e Área Cadastrada no Cadastro Ambiental Rural (CAR) - 2025 ri lago de tucurui",20,"Tabela 35 - Área Territorial, Área Cadastrável e Área Cadastrada no Cadastro Ambiental Rural (CAR) - 2025 ri lago de tucurui","..\..\Desktop\tabelas-powerBI\7 Lago de Tucuruí\Tabela 35 - Área Territorial, Área Cadastrável e Área Cadastrada no Cadastro Ambiental Rural (CAR) - 2025 ri lago de tucurui.xlsx",Lago de Tucuruí,rea_de_CAR_km,1.07624705e+16
Tucuruí,7 Lago de Tucuruí,35,"Área Territorial, Área Cadastrável e Área Cadastrada no Cadastro Ambiental Rural (CAR) - 2025 ri lago de tucurui",20,"Tabela 35 - Área Territorial, Área Cadastrável e Área Cadastrada no Cadastro Ambiental Rural (CAR) - 2025 ri lago de tucurui","..\..\Desktop\tabelas-powerBI\7 Lago de Tucuruí\Tabela 35 - Área Territorial, Área Cadastrável e Área Cadastrada no Cadastro Ambiental Rural (CAR) - 2025 ri lago de tucurui.xlsx",Lago de Tucuruí,rea_de_CAR_km,11543139.0
Fonte: SEMAS/SICAR,7 Lago de Tucuruí,35,"Área Territorial, Área Cadastrável e Área Cadastrada no Cadastro Ambiental Rural (CAR) - 2025 ri lago de tucurui",20,"Tabela 35 - Área Territorial, Área Cadastrável e Área Cadastrada no Cadastro Ambiental Rural (CAR) - 2025 ri lago de tucurui","..\..\Desktop\tabelas-powerBI\7 Lago de Tucuruí\Tabela 35 - Área Territorial, Área Cadastrável e Área Cadastrada no Cadastro Ambiental Rural (CAR) - 2025 ri lago de tucurui.xlsx",Lago de Tucuruí,rea_de_CAR_km,
Elaboração: FAPESPA,7 Lago de Tucuruí,35,"Área Territorial, Área Cadastrável e Área Cadastrada no Cadastro Ambiental Rural (CAR) - 2025 ri lago de tucurui",20,"Tabela 35 - Área Territorial, Área Cadastrável e Área Cadastrada no Cadastro Ambiental Rural (CAR) - 2025 ri lago de tucurui","..\..\Desktop\tabelas-powerBI\7 Lago de Tucuruí\Tabela 35 - Área Territorial, Área Cadastrável e Área Cadastrada no Cadastro Ambiental Rural (CAR) - 2025 ri lago de tucurui.xlsx",Lago de Tucuruí,rea_de_CAR_km,
*Nota: Dados preliminares extraídos em Novembro/2025.,7 Lago de Tucuruí,35,"Área Territorial, Área Cadastrável e Área Cadastrada no Cadastro Ambiental Rural (CAR) - 2025 ri lago de tucurui",20,"Tabela 35 - Área Territorial, Área Cadastrável e Área Cadastrada no Cadastro Ambiental Rural (CAR) - 2025 ri lago de tucurui","..\..\Desktop\tabelas-powerBI\7 Lago de Tucuruí\Tabela 35 - Área Territorial, Área Cadastrável e Área Cadastrada no Cadastro Ambiental Rural (CAR) - 2025 ri lago de tucurui.xlsx",Lago de Tucuruí,rea_de_CAR_km,
Pará,7 Lago de Tucuruí,35,"Área Territorial, Área Cadastrável e Área Cadastrada no Cadastro Ambiental Rural (CAR) - 2025 ri lago de tucurui",20,"Tabela 35 - Área Territorial, Área Cadastrável e Área Cadastrada no Cadastro Ambiental Rural (CAR) - 2025 ri lago de tucurui","..\..\Desktop\tabelas-powerBI\7 Lago de Tucuruí\Tabela 35 - Área Territorial, Área Cadastrável e Área Cadastrada no Cadastro Ambiental Rural (CAR) - 2025 ri lago de tucurui.xlsx",Lago de Tucuruí,_de_rea_de_CAR,865.0
RI Lago de Tucuruí,7 Lago de Tucuruí,35,"Área Territorial, Área Cadastrável e Área Cadastrada no Cadastro Ambiental Rural (CAR) - 2025 ri lago de tucurui",20,"Tabela 35 - Área Territorial, Área Cadastrável e Área Cadastrada no Cadastro Ambiental Rural (CAR) - 2025 ri lago de tucurui","..\..\Desktop\tabelas-powerBI\7 Lago de Tucuruí\Tabela 35 - Área Territorial, Área Cadastrável e Área Cadastrada no Cadastro Ambiental Rural (CAR) - 2025 ri lago de tucurui.xlsx",Lago de Tucuruí,_de_rea_de_CAR,8924763305468913.0
Breu Branco,7 Lago de Tucuruí,35,"Área Territorial, Área Cadastrável e Área Cadastrada no Cadastro Ambiental Rural (CAR) - 2025 ri lago de tucurui",20,"Tabela 35 - Área Territorial, Área Cadastrável e Área Cadastrada no Cadastro Ambiental Rural (CAR) - 2025 ri lago de tucurui","..\..\Desktop\tabelas-powerBI\7 Lago de Tucuruí\Tabela 35 - Área Territorial, Área Cadastrável e Área Cadastrada no Cadastro Ambiental Rural (CAR) - 2025 ri lago de tucurui.xlsx",Lago de Tucuruí,_de_rea_de_CAR,8517.0
Goianésia do Pará,7 Lago de Tucuruí,35,"Área Territorial, Área Cadastrável e Área Cadastrada no Cadastro Ambiental Rural (CAR) - 2025 ri lago de tucurui",20,"Tabela 35 - Área Territorial, Área Cadastrável e Área Cadastrada no Cadastro Ambiental Rural (CAR) - 2025 ri lago de tucurui","..\..\Desktop\tabelas-powerBI\7 Lago de Tucuruí\Tabela 35 - Área Territorial, Área Cadastrável e Área Cadastrada no Cadastro Ambiental Rural (CAR) - 2025 ri lago de tucurui.xlsx",Lago de Tucuruí,_de_rea_de_CAR,8914.0
Itupiranga,7 Lago de Tucuruí,35,"Área Territorial, Área Cadastrável e Área Cadastrada no Cadastro Ambiental Rural (CAR) - 2025 ri lago de tucurui",20,"Tabela 35 - Área Territorial, Área Cadastrável e Área Cadastrada no Cadastro Ambiental Rural (CAR) - 2025 ri lago de tucurui","..\..\Desktop\tabelas-powerBI\7 Lago de Tucuruí\Tabela 35 - Área Territorial, Área Cadastrável e Área Cadastrada no Cadastro Ambiental Rural (CAR) - 2025 ri lago de tucurui.xlsx",Lago de Tucuruí,_de_rea_de_CAR,936.0
Jacundá,7 Lago de Tucuruí,35,"Área Territorial, Área Cadastrável e Área Cadastrada no Cadastro Ambiental Rural (CAR) - 2025 ri lago de tucurui",20,"Tabela 35 - Área Territorial, Área Cadastrável e Área Cadastrada no Cadastro Ambiental Rural (CAR) - 2025 ri lago de tucurui","..\..\Desktop\tabelas-powerBI\7 Lago de Tucuruí\Tabela 35 - Área Territorial, Área Cadastrável e Área Cadastrada no Cadastro Ambiental Rural (CAR) - 2025 ri lago de tucurui.xlsx",Lago de Tucuruí,_de_rea_de_CAR,8696.0
Nova Ipixuna,7 Lago de Tucuruí,35,"Área Territorial, Área Cadastrável e Área Cadastrada no Cadastro Ambiental Rural (CAR) - 2025 ri lago de tucurui",20,"Tabela 35 - Área Territorial, Área Cadastrável e Área Cadastrada no Cadastro Ambiental Rural (CAR) - 2025 ri lago de tucurui","..\..\Desktop\tabelas-powerBI\7 Lago de Tucuruí\Tabela 35 - Área Territorial, Área Cadastrável e Área Cadastrada no Cadastro Ambiental Rural (CAR) - 2025 ri lago de tucurui.xlsx",Lago de Tucuruí,_de_rea_de_CAR,8391.0
Novo Repartimento,7 Lago de Tucuruí,35,"Área Territorial, Área Cadastrável e Área Cadastrada no Cadastro Ambiental Rural (CAR) - 2025 ri lago de tucurui",20,"Tabela 35 - Área Territorial, Área Cadastrável e Área Cadastrada no Cadastro Ambiental Rural (CAR) - 2025 ri lago de tucurui","..\..\Desktop\tabelas-powerBI\7 Lago de Tucuruí\Tabela 35 - Área Territorial, Área Cadastrável e Área Cadastrada no Cadastro Ambiental Rural (CAR) - 2025 ri lago de tucurui.xlsx",Lago de Tucuruí,_de_rea_de_CAR,8991.0
Tucuruí,7 Lago de Tucuruí,35,"Área Territorial, Área Cadastrável e Área Cadastrada no Cadastro Ambiental Rural (CAR) - 2025 ri lago de tucurui",20,"Tabela 35 - Área Territorial, Área Cadastrável e Área Cadastrada no Cadastro Ambiental Rural (CAR) - 2025 ri lago de tucurui","..\..\Desktop\tabelas-powerBI\7 Lago de Tucuruí\Tabela 35 - Área Territorial, Área Cadastrável e Área Cadastrada no Cadastro Ambiental Rural (CAR) - 2025 ri lago de tucurui.xlsx",Lago de Tucuruí,_de_rea_de_CAR,855.0
Fonte: SEMAS/SICAR,7 Lago de Tucuruí,35,"Área Territorial, Área Cadastrável e Área Cadastrada no Cadastro Ambiental Rural (CAR) - 2025 ri lago de tucurui",20,"Tabela 35 - Área Territorial, Área Cadastrável e Área Cadastrada no Cadastro Ambiental Rural (CAR) - 2025 ri lago de tucurui","..\..\Desktop\tabelas-powerBI\7 Lago de Tucuruí\Tabela 35 - Área Territorial, Área Cadastrável e Área Cadastrada no Cadastro Ambiental Rural (CAR) - 2025 ri lago de tucurui.xlsx",Lago de Tucuruí,_de_rea_de_CAR,
Elaboração: FAPESPA,7 Lago de Tucuruí,35,"Área Territorial, Área Cadastrável e Área Cadastrada no Cadastro Ambiental Rural (CAR) - 2025 ri lago de tucurui",20,"Tabela 35 - Área Territorial, Área Cadastrável e Área Cadastrada no Cadastro Ambiental Rural (CAR) - 2025 ri lago de tucurui","..\..\Desktop\tabelas-powerBI\7 Lago de Tucuruí\Tabela 35 - Área Territorial, Área Cadastrável e Área Cadastrada no Cadastro Ambiental Rural (CAR) - 2025 ri lago de tucurui.xlsx",Lago de Tucuruí,_de_rea_de_CAR,
*Nota: Dados preliminares extraídos em Novembro/2025.,7 Lago de Tucuruí,35,"Área Territorial, Área Cadastrável e Área Cadastrada no Cadastro Ambiental Rural (CAR) - 2025 ri lago de tucurui",20,"Tabela 35 - Área Territorial, Área Cadastrável e Área Cadastrada no Cadastro Ambiental Rural (CAR) - 2025 ri lago de tucurui","..\..\Desktop\tabelas-powerBI\7 Lago de Tucuruí\Tabela 35 - Área Territorial, Área Cadastrável e Área Cadastrada no Cadastro Ambiental Rural (CAR) - 2025 ri lago de tucurui.xlsx",Lago de Tucuruí,_de_rea_de_CAR,
