EstadoMunicpio,Codornas,regiao,tabela_num,titulo,ano,arquivo,arquivo_path,aba,variavel,valor
Pará,1980,9 Rio Caeté,45,Efetivo de Rebanho Cabecas por Tipo - 2024 ri caete,20,Tabela 45 - Efetivo de Rebanho Cabecas por Tipo - 2024 ri caete,..\..\Desktop\tabelas-powerBI\9 Rio Caeté\Tabela 45 - Efetivo de Rebanho Cabecas por Tipo - 2024 ri caete.xlsx,Rio Caeté,Bovino,25557665.0
RI Rio Caeté,630,9 Rio Caeté,45,Efetivo de Rebanho Cabecas por Tipo - 2024 ri caete,20,Tabela 45 - Efetivo de Rebanho Cabecas por Tipo - 2024 ri caete,..\..\Desktop\tabelas-powerBI\9 Rio Caeté\Tabela 45 - Efetivo de Rebanho Cabecas por Tipo - 2024 ri caete.xlsx,Rio Caeté,Bovino,412016.0
Augusto Corrêa,-,9 Rio Caeté,45,Efetivo de Rebanho Cabecas por Tipo - 2024 ri caete,20,Tabela 45 - Efetivo de Rebanho Cabecas por Tipo - 2024 ri caete,..\..\Desktop\tabelas-powerBI\9 Rio Caeté\Tabela 45 - Efetivo de Rebanho Cabecas por Tipo - 2024 ri caete.xlsx,Rio Caeté,Bovino,4138.0
Bonito,-,9 Rio Caeté,45,Efetivo de Rebanho Cabecas por Tipo - 2024 ri caete,20,Tabela 45 - Efetivo de Rebanho Cabecas por Tipo - 2024 ri caete,..\..\Desktop\tabelas-powerBI\9 Rio Caeté\Tabela 45 - Efetivo de Rebanho Cabecas por Tipo - 2024 ri caete.xlsx,Rio Caeté,Bovino,11523.0
Bragança,-,9 Rio Caeté,45,Efetivo de Rebanho Cabecas por Tipo - 2024 ri caete,20,Tabela 45 - Efetivo de Rebanho Cabecas por Tipo - 2024 ri caete,..\..\Desktop\tabelas-powerBI\9 Rio Caeté\Tabela 45 - Efetivo de Rebanho Cabecas por Tipo - 2024 ri caete.xlsx,Rio Caeté,Bovino,47559.0
Cachoeira do Piriá,-,9 Rio Caeté,45,Efetivo de Rebanho Cabecas por Tipo - 2024 ri caete,20,Tabela 45 - Efetivo de Rebanho Cabecas por Tipo - 2024 ri caete,..\..\Desktop\tabelas-powerBI\9 Rio Caeté\Tabela 45 - Efetivo de Rebanho Cabecas por Tipo - 2024 ri caete.xlsx,Rio Caeté,Bovino,55636.0
Capanema,630,9 Rio Caeté,45,Efetivo de Rebanho Cabecas por Tipo - 2024 ri caete,20,Tabela 45 - Efetivo de Rebanho Cabecas por Tipo - 2024 ri caete,..\..\Desktop\tabelas-powerBI\9 Rio Caeté\Tabela 45 - Efetivo de Rebanho Cabecas por Tipo - 2024 ri caete.xlsx,Rio Caeté,Bovino,27865.0
Nova Timboteua,-,9 Rio Caeté,45,Efetivo de Rebanho Cabecas por Tipo - 2024 ri caete,20,Tabela 45 - Efetivo de Rebanho Cabecas por Tipo - 2024 ri caete,..\..\Desktop\tabelas-powerBI\9 Rio Caeté\Tabela 45 - Efetivo de Rebanho Cabecas por Tipo - 2024 ri caete.xlsx,Rio Caeté,Bovino,22759.0
Peixe-Boi,-,9 Rio Caeté,45,Efetivo de Rebanho Cabecas por Tipo - 2024 ri caete,20,Tabela 45 - Efetivo de Rebanho Cabecas por Tipo - 2024 ri caete,..\..\Desktop\tabelas-powerBI\9 Rio Caeté\Tabela 45 - Efetivo de Rebanho Cabecas por Tipo - 2024 ri caete.xlsx,Rio Caeté,Bovino,17760.0
Primavera,-,9 Rio Caeté,45,Efetivo de Rebanho Cabecas por Tipo - 2024 ri caete,20,Tabela 45 - Efetivo de Rebanho Cabecas por Tipo - 2024 ri caete,..\..\Desktop\tabelas-powerBI\9 Rio Caeté\Tabela 45 - Efetivo de Rebanho Cabecas por Tipo - 2024 ri caete.xlsx,Rio Caeté,Bovino,5897.0
Quatipuru,-,9 Rio Caeté,45,Efetivo de Rebanho Cabecas por Tipo - 2024 ri caete,20,Tabela 45 - Efetivo de Rebanho Cabecas por Tipo - 2024 ri caete,..\..\Desktop\tabelas-powerBI\9 Rio Caeté\Tabela 45 - Efetivo de Rebanho Cabecas por Tipo - 2024 ri caete.xlsx,Rio Caeté,Bovino,824.0
Salinópolis,-,9 Rio Caeté,45,Efetivo de Rebanho Cabecas por Tipo - 2024 ri caete,20,Tabela 45 - Efetivo de Rebanho Cabecas por Tipo - 2024 ri caete,..\..\Desktop\tabelas-powerBI\9 Rio Caeté\Tabela 45 - Efetivo de Rebanho Cabecas por Tipo - 2024 ri caete.xlsx,Rio Caeté,Bovino,135.0
Santa Luzia do Pará,-,9 Rio Caeté,45,Efetivo de Rebanho Cabecas por Tipo - 2024 ri caete,20,Tabela 45 - Efetivo de Rebanho Cabecas por Tipo - 2024 ri caete,..\..\Desktop\tabelas-powerBI\9 Rio Caeté\Tabela 45 - Efetivo de Rebanho Cabecas por Tipo - 2024 ri caete.xlsx,Rio Caeté,Bovino,72491.0
Santarém Novo,-,9 Rio Caeté,45,Efetivo de Rebanho Cabecas por Tipo - 2024 ri caete,20,Tabela 45 - Efetivo de Rebanho Cabecas por Tipo - 2024 ri caete,..\..\Desktop\tabelas-powerBI\9 Rio Caeté\Tabela 45 - Efetivo de Rebanho Cabecas por Tipo - 2024 ri caete.xlsx,Rio Caeté,Bovino,2971.0
São João de Pirabas,-,9 Rio Caeté,45,Efetivo de Rebanho Cabecas por Tipo - 2024 ri caete,20,Tabela 45 - Efetivo de Rebanho Cabecas por Tipo - 2024 ri caete,..\..\Desktop\tabelas-powerBI\9 Rio Caeté\Tabela 45 - Efetivo de Rebanho Cabecas por Tipo - 2024 ri caete.xlsx,Rio Caeté,Bovino,5443.0
Tracuateua,-,9 Rio Caeté,45,Efetivo de Rebanho Cabecas por Tipo - 2024 ri caete,20,Tabela 45 - Efetivo de Rebanho Cabecas por Tipo - 2024 ri caete,..\..\Desktop\tabelas-powerBI\9 Rio Caeté\Tabela 45 - Efetivo de Rebanho Cabecas por Tipo - 2024 ri caete.xlsx,Rio Caeté,Bovino,15684.0
Viseu,-,9 Rio Caeté,45,Efetivo de Rebanho Cabecas por Tipo - 2024 ri caete,20,Tabela 45 - Efetivo de Rebanho Cabecas por Tipo - 2024 ri caete,..\..\Desktop\tabelas-powerBI\9 Rio Caeté\Tabela 45 - Efetivo de Rebanho Cabecas por Tipo - 2024 ri caete.xlsx,Rio Caeté,Bovino,121331.0
Fonte: IBGE/PPM,,9 Rio Caeté,45,Efetivo de Rebanho Cabecas por Tipo - 2024 ri caete,20,Tabela 45 - Efetivo de Rebanho Cabecas por Tipo - 2024 ri caete,..\..\Desktop\tabelas-powerBI\9 Rio Caeté\Tabela 45 - Efetivo de Rebanho Cabecas por Tipo - 2024 ri caete.xlsx,Rio Caeté,Bovino,
Elaboração: FAPESPA,,9 Rio Caeté,45,Efetivo de Rebanho Cabecas por Tipo - 2024 ri caete,20,Tabela 45 - Efetivo de Rebanho Cabecas por Tipo - 2024 ri caete,..\..\Desktop\tabelas-powerBI\9 Rio Caeté\Tabela 45 - Efetivo de Rebanho Cabecas por Tipo - 2024 ri caete.xlsx,Rio Caeté,Bovino,
Nota: Os dados divulgados são RESULTADOS PRELIMINARES e podem sofrer alterações até a próxima divulgação,,9 Rio Caeté,45,Efetivo de Rebanho Cabecas por Tipo - 2024 ri caete,20,Tabela 45 - Efetivo de Rebanho Cabecas por Tipo - 2024 ri caete,..\..\Desktop\tabelas-powerBI\9 Rio Caeté\Tabela 45 - Efetivo de Rebanho Cabecas por Tipo - 2024 ri caete.xlsx,Rio Caeté,Bovino,
Pará,1980,9 Rio Caeté,45,Efetivo de Rebanho Cabecas por Tipo - 2024 ri caete,20,Tabela 45 - Efetivo de Rebanho Cabecas por Tipo - 2024 ri caete,..\..\Desktop\tabelas-powerBI\9 Rio Caeté\Tabela 45 - Efetivo de Rebanho Cabecas por Tipo - 2024 ri caete.xlsx,Rio Caeté,Bubalino,775075.0
RI Rio Caeté,630,9 Rio Caeté,45,Efetivo de Rebanho Cabecas por Tipo - 2024 ri caete,20,Tabela 45 - Efetivo de Rebanho Cabecas por Tipo - 2024 ri caete,..\..\Desktop\tabelas-powerBI\9 Rio Caeté\Tabela 45 - Efetivo de Rebanho Cabecas por Tipo - 2024 ri caete.xlsx,Rio Caeté,Bubalino,12714.0
Augusto Corrêa,-,9 Rio Caeté,45,Efetivo de Rebanho Cabecas por Tipo - 2024 ri caete,20,Tabela 45 - Efetivo de Rebanho Cabecas por Tipo - 2024 ri caete,..\..\Desktop\tabelas-powerBI\9 Rio Caeté\Tabela 45 - Efetivo de Rebanho Cabecas por Tipo - 2024 ri caete.xlsx,Rio Caeté,Bubalino,54.0
Bonito,-,9 Rio Caeté,45,Efetivo de Rebanho Cabecas por Tipo - 2024 ri caete,20,Tabela 45 - Efetivo de Rebanho Cabecas por Tipo - 2024 ri caete,..\..\Desktop\tabelas-powerBI\9 Rio Caeté\Tabela 45 - Efetivo de Rebanho Cabecas por Tipo - 2024 ri caete.xlsx,Rio Caeté,Bubalino,32.0
Bragança,-,9 Rio Caeté,45,Efetivo de Rebanho Cabecas por Tipo - 2024 ri caete,20,Tabela 45 - Efetivo de Rebanho Cabecas por Tipo - 2024 ri caete,..\..\Desktop\tabelas-powerBI\9 Rio Caeté\Tabela 45 - Efetivo de Rebanho Cabecas por Tipo - 2024 ri caete.xlsx,Rio Caeté,Bubalino,409.0
Cachoeira do Piriá,-,9 Rio Caeté,45,Efetivo de Rebanho Cabecas por Tipo - 2024 ri caete,20,Tabela 45 - Efetivo de Rebanho Cabecas por Tipo - 2024 ri caete,..\..\Desktop\tabelas-powerBI\9 Rio Caeté\Tabela 45 - Efetivo de Rebanho Cabecas por Tipo - 2024 ri caete.xlsx,Rio Caeté,Bubalino,246.0
Capanema,630,9 Rio Caeté,45,Efetivo de Rebanho Cabecas por Tipo - 2024 ri caete,20,Tabela 45 - Efetivo de Rebanho Cabecas por Tipo - 2024 ri caete,..\..\Desktop\tabelas-powerBI\9 Rio Caeté\Tabela 45 - Efetivo de Rebanho Cabecas por Tipo - 2024 ri caete.xlsx,Rio Caeté,Bubalino,1357.0
Nova Timboteua,-,9 Rio Caeté,45,Efetivo de Rebanho Cabecas por Tipo - 2024 ri caete,20,Tabela 45 - Efetivo de Rebanho Cabecas por Tipo - 2024 ri caete,..\..\Desktop\tabelas-powerBI\9 Rio Caeté\Tabela 45 - Efetivo de Rebanho Cabecas por Tipo - 2024 ri caete.xlsx,Rio Caeté,Bubalino,1327.0
Peixe-Boi,-,9 Rio Caeté,45,Efetivo de Rebanho Cabecas por Tipo - 2024 ri caete,20,Tabela 45 - Efetivo de Rebanho Cabecas por Tipo - 2024 ri caete,..\..\Desktop\tabelas-powerBI\9 Rio Caeté\Tabela 45 - Efetivo de Rebanho Cabecas por Tipo - 2024 ri caete.xlsx,Rio Caeté,Bubalino,210.0
Primavera,-,9 Rio Caeté,45,Efetivo de Rebanho Cabecas por Tipo - 2024 ri caete,20,Tabela 45 - Efetivo de Rebanho Cabecas por Tipo - 2024 ri caete,..\..\Desktop\tabelas-powerBI\9 Rio Caeté\Tabela 45 - Efetivo de Rebanho Cabecas por Tipo - 2024 ri caete.xlsx,Rio Caeté,Bubalino,761.0
Quatipuru,-,9 Rio Caeté,45,Efetivo de Rebanho Cabecas por Tipo - 2024 ri caete,20,Tabela 45 - Efetivo de Rebanho Cabecas por Tipo - 2024 ri caete,..\..\Desktop\tabelas-powerBI\9 Rio Caeté\Tabela 45 - Efetivo de Rebanho Cabecas por Tipo - 2024 ri caete.xlsx,Rio Caeté,Bubalino,1563.0
Salinópolis,-,9 Rio Caeté,45,Efetivo de Rebanho Cabecas por Tipo - 2024 ri caete,20,Tabela 45 - Efetivo de Rebanho Cabecas por Tipo - 2024 ri caete,..\..\Desktop\tabelas-powerBI\9 Rio Caeté\Tabela 45 - Efetivo de Rebanho Cabecas por Tipo - 2024 ri caete.xlsx,Rio Caeté,Bubalino,
Santa Luzia do Pará,-,9 Rio Caeté,45,Efetivo de Rebanho Cabecas por Tipo - 2024 ri caete,20,Tabela 45 - Efetivo de Rebanho Cabecas por Tipo - 2024 ri caete,..\..\Desktop\tabelas-powerBI\9 Rio Caeté\Tabela 45 - Efetivo de Rebanho Cabecas por Tipo - 2024 ri caete.xlsx,Rio Caeté,Bubalino,249.0
Santarém Novo,-,9 Rio Caeté,45,Efetivo de Rebanho Cabecas por Tipo - 2024 ri caete,20,Tabela 45 - Efetivo de Rebanho Cabecas por Tipo - 2024 ri caete,..\..\Desktop\tabelas-powerBI\9 Rio Caeté\Tabela 45 - Efetivo de Rebanho Cabecas por Tipo - 2024 ri caete.xlsx,Rio Caeté,Bubalino,6.0
São João de Pirabas,-,9 Rio Caeté,45,Efetivo de Rebanho Cabecas por Tipo - 2024 ri caete,20,Tabela 45 - Efetivo de Rebanho Cabecas por Tipo - 2024 ri caete,..\..\Desktop\tabelas-powerBI\9 Rio Caeté\Tabela 45 - Efetivo de Rebanho Cabecas por Tipo - 2024 ri caete.xlsx,Rio Caeté,Bubalino,
Tracuateua,-,9 Rio Caeté,45,Efetivo de Rebanho Cabecas por Tipo - 2024 ri caete,20,Tabela 45 - Efetivo de Rebanho Cabecas por Tipo - 2024 ri caete,..\..\Desktop\tabelas-powerBI\9 Rio Caeté\Tabela 45 - Efetivo de Rebanho Cabecas por Tipo - 2024 ri caete.xlsx,Rio Caeté,Bubalino,1457.0
Viseu,-,9 Rio Caeté,45,Efetivo de Rebanho Cabecas por Tipo - 2024 ri caete,20,Tabela 45 - Efetivo de Rebanho Cabecas por Tipo - 2024 ri caete,..\..\Desktop\tabelas-powerBI\9 Rio Caeté\Tabela 45 - Efetivo de Rebanho Cabecas por Tipo - 2024 ri caete.xlsx,Rio Caeté,Bubalino,5043.0
Fonte: IBGE/PPM,,9 Rio Caeté,45,Efetivo de Rebanho Cabecas por Tipo - 2024 ri caete,20,Tabela 45 - Efetivo de Rebanho Cabecas por Tipo - 2024 ri caete,..\..\Desktop\tabelas-powerBI\9 Rio Caeté\Tabela 45 - Efetivo de Rebanho Cabecas por Tipo - 2024 ri caete.xlsx,Rio Caeté,Bubalino,
Elaboração: FAPESPA,,9 Rio Caeté,45,Efetivo de Rebanho Cabecas por Tipo - 2024 ri caete,20,Tabela 45 - Efetivo de Rebanho Cabecas por Tipo - 2024 ri caete,..\..\Desktop\tabelas-powerBI\9 Rio Caeté\Tabela 45 - Efetivo de Rebanho Cabecas por Tipo - 2024 ri caete.xlsx,Rio Caeté,Bubalino,
Nota: Os dados divulgados são RESULTADOS PRELIMINARES e podem sofrer alterações até a próxima divulgação,,9 Rio Caeté,45,Efetivo de Rebanho Cabecas por Tipo - 2024 ri caete,20,Tabela 45 - Efetivo de Rebanho Cabecas por Tipo - 2024 ri caete,..\..\Desktop\tabelas-powerBI\9 Rio Caeté\Tabela 45 - Efetivo de Rebanho Cabecas por Tipo - 2024 ri caete.xlsx,Rio Caeté,Bubalino,
Pará,1980,9 Rio Caeté,45,Efetivo de Rebanho Cabecas por Tipo - 2024 ri caete,20,Tabela 45 - Efetivo de Rebanho Cabecas por Tipo - 2024 ri caete,..\..\Desktop\tabelas-powerBI\9 Rio Caeté\Tabela 45 - Efetivo de Rebanho Cabecas por Tipo - 2024 ri caete.xlsx,Rio Caeté,Equino,499639.0
RI Rio Caeté,630,9 Rio Caeté,45,Efetivo de Rebanho Cabecas por Tipo - 2024 ri caete,20,Tabela 45 - Efetivo de Rebanho Cabecas por Tipo - 2024 ri caete,..\..\Desktop\tabelas-powerBI\9 Rio Caeté\Tabela 45 - Efetivo de Rebanho Cabecas por Tipo - 2024 ri caete.xlsx,Rio Caeté,Equino,10411.0
Augusto Corrêa,-,9 Rio Caeté,45,Efetivo de Rebanho Cabecas por Tipo - 2024 ri caete,20,Tabela 45 - Efetivo de Rebanho Cabecas por Tipo - 2024 ri caete,..\..\Desktop\tabelas-powerBI\9 Rio Caeté\Tabela 45 - Efetivo de Rebanho Cabecas por Tipo - 2024 ri caete.xlsx,Rio Caeté,Equino,250.0
Bonito,-,9 Rio Caeté,45,Efetivo de Rebanho Cabecas por Tipo - 2024 ri caete,20,Tabela 45 - Efetivo de Rebanho Cabecas por Tipo - 2024 ri caete,..\..\Desktop\tabelas-powerBI\9 Rio Caeté\Tabela 45 - Efetivo de Rebanho Cabecas por Tipo - 2024 ri caete.xlsx,Rio Caeté,Equino,339.0
Bragança,-,9 Rio Caeté,45,Efetivo de Rebanho Cabecas por Tipo - 2024 ri caete,20,Tabela 45 - Efetivo de Rebanho Cabecas por Tipo - 2024 ri caete,..\..\Desktop\tabelas-powerBI\9 Rio Caeté\Tabela 45 - Efetivo de Rebanho Cabecas por Tipo - 2024 ri caete.xlsx,Rio Caeté,Equino,1630.0
Cachoeira do Piriá,-,9 Rio Caeté,45,Efetivo de Rebanho Cabecas por Tipo - 2024 ri caete,20,Tabela 45 - Efetivo de Rebanho Cabecas por Tipo - 2024 ri caete,..\..\Desktop\tabelas-powerBI\9 Rio Caeté\Tabela 45 - Efetivo de Rebanho Cabecas por Tipo - 2024 ri caete.xlsx,Rio Caeté,Equino,1573.0
Capanema,630,9 Rio Caeté,45,Efetivo de Rebanho Cabecas por Tipo - 2024 ri caete,20,Tabela 45 - Efetivo de Rebanho Cabecas por Tipo - 2024 ri caete,..\..\Desktop\tabelas-powerBI\9 Rio Caeté\Tabela 45 - Efetivo de Rebanho Cabecas por Tipo - 2024 ri caete.xlsx,Rio Caeté,Equino,874.0
Nova Timboteua,-,9 Rio Caeté,45,Efetivo de Rebanho Cabecas por Tipo - 2024 ri caete,20,Tabela 45 - Efetivo de Rebanho Cabecas por Tipo - 2024 ri caete,..\..\Desktop\tabelas-powerBI\9 Rio Caeté\Tabela 45 - Efetivo de Rebanho Cabecas por Tipo - 2024 ri caete.xlsx,Rio Caeté,Equino,497.0
Peixe-Boi,-,9 Rio Caeté,45,Efetivo de Rebanho Cabecas por Tipo - 2024 ri caete,20,Tabela 45 - Efetivo de Rebanho Cabecas por Tipo - 2024 ri caete,..\..\Desktop\tabelas-powerBI\9 Rio Caeté\Tabela 45 - Efetivo de Rebanho Cabecas por Tipo - 2024 ri caete.xlsx,Rio Caeté,Equino,805.0
Primavera,-,9 Rio Caeté,45,Efetivo de Rebanho Cabecas por Tipo - 2024 ri caete,20,Tabela 45 - Efetivo de Rebanho Cabecas por Tipo - 2024 ri caete,..\..\Desktop\tabelas-powerBI\9 Rio Caeté\Tabela 45 - Efetivo de Rebanho Cabecas por Tipo - 2024 ri caete.xlsx,Rio Caeté,Equino,113.0
Quatipuru,-,9 Rio Caeté,45,Efetivo de Rebanho Cabecas por Tipo - 2024 ri caete,20,Tabela 45 - Efetivo de Rebanho Cabecas por Tipo - 2024 ri caete,..\..\Desktop\tabelas-powerBI\9 Rio Caeté\Tabela 45 - Efetivo de Rebanho Cabecas por Tipo - 2024 ri caete.xlsx,Rio Caeté,Equino,65.0
Salinópolis,-,9 Rio Caeté,45,Efetivo de Rebanho Cabecas por Tipo - 2024 ri caete,20,Tabela 45 - Efetivo de Rebanho Cabecas por Tipo - 2024 ri caete,..\..\Desktop\tabelas-powerBI\9 Rio Caeté\Tabela 45 - Efetivo de Rebanho Cabecas por Tipo - 2024 ri caete.xlsx,Rio Caeté,Equino,14.0
Santa Luzia do Pará,-,9 Rio Caeté,45,Efetivo de Rebanho Cabecas por Tipo - 2024 ri caete,20,Tabela 45 - Efetivo de Rebanho Cabecas por Tipo - 2024 ri caete,..\..\Desktop\tabelas-powerBI\9 Rio Caeté\Tabela 45 - Efetivo de Rebanho Cabecas por Tipo - 2024 ri caete.xlsx,Rio Caeté,Equino,1225.0
Santarém Novo,-,9 Rio Caeté,45,Efetivo de Rebanho Cabecas por Tipo - 2024 ri caete,20,Tabela 45 - Efetivo de Rebanho Cabecas por Tipo - 2024 ri caete,..\..\Desktop\tabelas-powerBI\9 Rio Caeté\Tabela 45 - Efetivo de Rebanho Cabecas por Tipo - 2024 ri caete.xlsx,Rio Caeté,Equino,111.0
São João de Pirabas,-,9 Rio Caeté,45,Efetivo de Rebanho Cabecas por Tipo - 2024 ri caete,20,Tabela 45 - Efetivo de Rebanho Cabecas por Tipo - 2024 ri caete,..\..\Desktop\tabelas-powerBI\9 Rio Caeté\Tabela 45 - Efetivo de Rebanho Cabecas por Tipo - 2024 ri caete.xlsx,Rio Caeté,Equino,179.0
Tracuateua,-,9 Rio Caeté,45,Efetivo de Rebanho Cabecas por Tipo - 2024 ri caete,20,Tabela 45 - Efetivo de Rebanho Cabecas por Tipo - 2024 ri caete,..\..\Desktop\tabelas-powerBI\9 Rio Caeté\Tabela 45 - Efetivo de Rebanho Cabecas por Tipo - 2024 ri caete.xlsx,Rio Caeté,Equino,795.0
Viseu,-,9 Rio Caeté,45,Efetivo de Rebanho Cabecas por Tipo - 2024 ri caete,20,Tabela 45 - Efetivo de Rebanho Cabecas por Tipo - 2024 ri caete,..\..\Desktop\tabelas-powerBI\9 Rio Caeté\Tabela 45 - Efetivo de Rebanho Cabecas por Tipo - 2024 ri caete.xlsx,Rio Caeté,Equino,1941.0
Fonte: IBGE/PPM,,9 Rio Caeté,45,Efetivo de Rebanho Cabecas por Tipo - 2024 ri caete,20,Tabela 45 - Efetivo de Rebanho Cabecas por Tipo - 2024 ri caete,..\..\Desktop\tabelas-powerBI\9 Rio Caeté\Tabela 45 - Efetivo de Rebanho Cabecas por Tipo - 2024 ri caete.xlsx,Rio Caeté,Equino,
Elaboração: FAPESPA,,9 Rio Caeté,45,Efetivo de Rebanho Cabecas por Tipo - 2024 ri caete,20,Tabela 45 - Efetivo de Rebanho Cabecas por Tipo - 2024 ri caete,..\..\Desktop\tabelas-powerBI\9 Rio Caeté\Tabela 45 - Efetivo de Rebanho Cabecas por Tipo - 2024 ri caete.xlsx,Rio Caeté,Equino,
Nota: Os dados divulgados são RESULTADOS PRELIMINARES e podem sofrer alterações até a próxima divulgação,,9 Rio Caeté,45,Efetivo de Rebanho Cabecas por Tipo - 2024 ri caete,20,Tabela 45 - Efetivo de Rebanho Cabecas por Tipo - 2024 ri caete,..\..\Desktop\tabelas-powerBI\9 Rio Caeté\Tabela 45 - Efetivo de Rebanho Cabecas por Tipo - 2024 ri caete.xlsx,Rio Caeté,Equino,
Pará,1980,9 Rio Caeté,45,Efetivo de Rebanho Cabecas por Tipo - 2024 ri caete,20,Tabela 45 - Efetivo de Rebanho Cabecas por Tipo - 2024 ri caete,..\..\Desktop\tabelas-powerBI\9 Rio Caeté\Tabela 45 - Efetivo de Rebanho Cabecas por Tipo - 2024 ri caete.xlsx,Rio Caeté,Suno__total,587143.0
RI Rio Caeté,630,9 Rio Caeté,45,Efetivo de Rebanho Cabecas por Tipo - 2024 ri caete,20,Tabela 45 - Efetivo de Rebanho Cabecas por Tipo - 2024 ri caete,..\..\Desktop\tabelas-powerBI\9 Rio Caeté\Tabela 45 - Efetivo de Rebanho Cabecas por Tipo - 2024 ri caete.xlsx,Rio Caeté,Suno__total,15978.0
Augusto Corrêa,-,9 Rio Caeté,45,Efetivo de Rebanho Cabecas por Tipo - 2024 ri caete,20,Tabela 45 - Efetivo de Rebanho Cabecas por Tipo - 2024 ri caete,..\..\Desktop\tabelas-powerBI\9 Rio Caeté\Tabela 45 - Efetivo de Rebanho Cabecas por Tipo - 2024 ri caete.xlsx,Rio Caeté,Suno__total,985.0
Bonito,-,9 Rio Caeté,45,Efetivo de Rebanho Cabecas por Tipo - 2024 ri caete,20,Tabela 45 - Efetivo de Rebanho Cabecas por Tipo - 2024 ri caete,..\..\Desktop\tabelas-powerBI\9 Rio Caeté\Tabela 45 - Efetivo de Rebanho Cabecas por Tipo - 2024 ri caete.xlsx,Rio Caeté,Suno__total,384.0
Bragança,-,9 Rio Caeté,45,Efetivo de Rebanho Cabecas por Tipo - 2024 ri caete,20,Tabela 45 - Efetivo de Rebanho Cabecas por Tipo - 2024 ri caete,..\..\Desktop\tabelas-powerBI\9 Rio Caeté\Tabela 45 - Efetivo de Rebanho Cabecas por Tipo - 2024 ri caete.xlsx,Rio Caeté,Suno__total,3690.0
Cachoeira do Piriá,-,9 Rio Caeté,45,Efetivo de Rebanho Cabecas por Tipo - 2024 ri caete,20,Tabela 45 - Efetivo de Rebanho Cabecas por Tipo - 2024 ri caete,..\..\Desktop\tabelas-powerBI\9 Rio Caeté\Tabela 45 - Efetivo de Rebanho Cabecas por Tipo - 2024 ri caete.xlsx,Rio Caeté,Suno__total,1096.0
Capanema,630,9 Rio Caeté,45,Efetivo de Rebanho Cabecas por Tipo - 2024 ri caete,20,Tabela 45 - Efetivo de Rebanho Cabecas por Tipo - 2024 ri caete,..\..\Desktop\tabelas-powerBI\9 Rio Caeté\Tabela 45 - Efetivo de Rebanho Cabecas por Tipo - 2024 ri caete.xlsx,Rio Caeté,Suno__total,1451.0
Nova Timboteua,-,9 Rio Caeté,45,Efetivo de Rebanho Cabecas por Tipo - 2024 ri caete,20,Tabela 45 - Efetivo de Rebanho Cabecas por Tipo - 2024 ri caete,..\..\Desktop\tabelas-powerBI\9 Rio Caeté\Tabela 45 - Efetivo de Rebanho Cabecas por Tipo - 2024 ri caete.xlsx,Rio Caeté,Suno__total,834.0
Peixe-Boi,-,9 Rio Caeté,45,Efetivo de Rebanho Cabecas por Tipo - 2024 ri caete,20,Tabela 45 - Efetivo de Rebanho Cabecas por Tipo - 2024 ri caete,..\..\Desktop\tabelas-powerBI\9 Rio Caeté\Tabela 45 - Efetivo de Rebanho Cabecas por Tipo - 2024 ri caete.xlsx,Rio Caeté,Suno__total,1421.0
Primavera,-,9 Rio Caeté,45,Efetivo de Rebanho Cabecas por Tipo - 2024 ri caete,20,Tabela 45 - Efetivo de Rebanho Cabecas por Tipo - 2024 ri caete,..\..\Desktop\tabelas-powerBI\9 Rio Caeté\Tabela 45 - Efetivo de Rebanho Cabecas por Tipo - 2024 ri caete.xlsx,Rio Caeté,Suno__total,102.0
Quatipuru,-,9 Rio Caeté,45,Efetivo de Rebanho Cabecas por Tipo - 2024 ri caete,20,Tabela 45 - Efetivo de Rebanho Cabecas por Tipo - 2024 ri caete,..\..\Desktop\tabelas-powerBI\9 Rio Caeté\Tabela 45 - Efetivo de Rebanho Cabecas por Tipo - 2024 ri caete.xlsx,Rio Caeté,Suno__total,108.0
Salinópolis,-,9 Rio Caeté,45,Efetivo de Rebanho Cabecas por Tipo - 2024 ri caete,20,Tabela 45 - Efetivo de Rebanho Cabecas por Tipo - 2024 ri caete,..\..\Desktop\tabelas-powerBI\9 Rio Caeté\Tabela 45 - Efetivo de Rebanho Cabecas por Tipo - 2024 ri caete.xlsx,Rio Caeté,Suno__total,180.0
Santa Luzia do Pará,-,9 Rio Caeté,45,Efetivo de Rebanho Cabecas por Tipo - 2024 ri caete,20,Tabela 45 - Efetivo de Rebanho Cabecas por Tipo - 2024 ri caete,..\..\Desktop\tabelas-powerBI\9 Rio Caeté\Tabela 45 - Efetivo de Rebanho Cabecas por Tipo - 2024 ri caete.xlsx,Rio Caeté,Suno__total,1000.0
Santarém Novo,-,9 Rio Caeté,45,Efetivo de Rebanho Cabecas por Tipo - 2024 ri caete,20,Tabela 45 - Efetivo de Rebanho Cabecas por Tipo - 2024 ri caete,..\..\Desktop\tabelas-powerBI\9 Rio Caeté\Tabela 45 - Efetivo de Rebanho Cabecas por Tipo - 2024 ri caete.xlsx,Rio Caeté,Suno__total,615.0
São João de Pirabas,-,9 Rio Caeté,45,Efetivo de Rebanho Cabecas por Tipo - 2024 ri caete,20,Tabela 45 - Efetivo de Rebanho Cabecas por Tipo - 2024 ri caete,..\..\Desktop\tabelas-powerBI\9 Rio Caeté\Tabela 45 - Efetivo de Rebanho Cabecas por Tipo - 2024 ri caete.xlsx,Rio Caeté,Suno__total,181.0
Tracuateua,-,9 Rio Caeté,45,Efetivo de Rebanho Cabecas por Tipo - 2024 ri caete,20,Tabela 45 - Efetivo de Rebanho Cabecas por Tipo - 2024 ri caete,..\..\Desktop\tabelas-powerBI\9 Rio Caeté\Tabela 45 - Efetivo de Rebanho Cabecas por Tipo - 2024 ri caete.xlsx,Rio Caeté,Suno__total,1545.0
Viseu,-,9 Rio Caeté,45,Efetivo de Rebanho Cabecas por Tipo - 2024 ri caete,20,Tabela 45 - Efetivo de Rebanho Cabecas por Tipo - 2024 ri caete,..\..\Desktop\tabelas-powerBI\9 Rio Caeté\Tabela 45 - Efetivo de Rebanho Cabecas por Tipo - 2024 ri caete.xlsx,Rio Caeté,Suno__total,2386.0
Fonte: IBGE/PPM,,9 Rio Caeté,45,Efetivo de Rebanho Cabecas por Tipo - 2024 ri caete,20,Tabela 45 - Efetivo de Rebanho Cabecas por Tipo - 2024 ri caete,..\..\Desktop\tabelas-powerBI\9 Rio Caeté\Tabela 45 - Efetivo de Rebanho Cabecas por Tipo - 2024 ri caete.xlsx,Rio Caeté,Suno__total,
Elaboração: FAPESPA,,9 Rio Caeté,45,Efetivo de Rebanho Cabecas por Tipo - 2024 ri caete,20,Tabela 45 - Efetivo de Rebanho Cabecas por Tipo - 2024 ri caete,..\..\Desktop\tabelas-powerBI\9 Rio Caeté\Tabela 45 - Efetivo de Rebanho Cabecas por Tipo - 2024 ri caete.xlsx,Rio Caeté,Suno__total,
Nota: Os dados divulgados são RESULTADOS PRELIMINARES e podem sofrer alterações até a próxima divulgação,,9 Rio Caeté,45,Efetivo de Rebanho Cabecas por Tipo - 2024 ri caete,20,Tabela 45 - Efetivo de Rebanho Cabecas por Tipo - 2024 ri caete,..\..\Desktop\tabelas-powerBI\9 Rio Caeté\Tabela 45 - Efetivo de Rebanho Cabecas por Tipo - 2024 ri caete.xlsx,Rio Caeté,Suno__total,
Pará,1980,9 Rio Caeté,45,Efetivo de Rebanho Cabecas por Tipo - 2024 ri caete,20,Tabela 45 - Efetivo de Rebanho Cabecas por Tipo - 2024 ri caete,..\..\Desktop\tabelas-powerBI\9 Rio Caeté\Tabela 45 - Efetivo de Rebanho Cabecas por Tipo - 2024 ri caete.xlsx,Rio Caeté,Suno__matrizes_de_sunos,93157.0
RI Rio Caeté,630,9 Rio Caeté,45,Efetivo de Rebanho Cabecas por Tipo - 2024 ri caete,20,Tabela 45 - Efetivo de Rebanho Cabecas por Tipo - 2024 ri caete,..\..\Desktop\tabelas-powerBI\9 Rio Caeté\Tabela 45 - Efetivo de Rebanho Cabecas por Tipo - 2024 ri caete.xlsx,Rio Caeté,Suno__matrizes_de_sunos,1236.0
Augusto Corrêa,-,9 Rio Caeté,45,Efetivo de Rebanho Cabecas por Tipo - 2024 ri caete,20,Tabela 45 - Efetivo de Rebanho Cabecas por Tipo - 2024 ri caete,..\..\Desktop\tabelas-powerBI\9 Rio Caeté\Tabela 45 - Efetivo de Rebanho Cabecas por Tipo - 2024 ri caete.xlsx,Rio Caeté,Suno__matrizes_de_sunos,68.0
Bonito,-,9 Rio Caeté,45,Efetivo de Rebanho Cabecas por Tipo - 2024 ri caete,20,Tabela 45 - Efetivo de Rebanho Cabecas por Tipo - 2024 ri caete,..\..\Desktop\tabelas-powerBI\9 Rio Caeté\Tabela 45 - Efetivo de Rebanho Cabecas por Tipo - 2024 ri caete.xlsx,Rio Caeté,Suno__matrizes_de_sunos,34.0
Bragança,-,9 Rio Caeté,45,Efetivo de Rebanho Cabecas por Tipo - 2024 ri caete,20,Tabela 45 - Efetivo de Rebanho Cabecas por Tipo - 2024 ri caete,..\..\Desktop\tabelas-powerBI\9 Rio Caeté\Tabela 45 - Efetivo de Rebanho Cabecas por Tipo - 2024 ri caete.xlsx,Rio Caeté,Suno__matrizes_de_sunos,210.0
Cachoeira do Piriá,-,9 Rio Caeté,45,Efetivo de Rebanho Cabecas por Tipo - 2024 ri caete,20,Tabela 45 - Efetivo de Rebanho Cabecas por Tipo - 2024 ri caete,..\..\Desktop\tabelas-powerBI\9 Rio Caeté\Tabela 45 - Efetivo de Rebanho Cabecas por Tipo - 2024 ri caete.xlsx,Rio Caeté,Suno__matrizes_de_sunos,85.0
Capanema,630,9 Rio Caeté,45,Efetivo de Rebanho Cabecas por Tipo - 2024 ri caete,20,Tabela 45 - Efetivo de Rebanho Cabecas por Tipo - 2024 ri caete,..\..\Desktop\tabelas-powerBI\9 Rio Caeté\Tabela 45 - Efetivo de Rebanho Cabecas por Tipo - 2024 ri caete.xlsx,Rio Caeté,Suno__matrizes_de_sunos,49.0
Nova Timboteua,-,9 Rio Caeté,45,Efetivo de Rebanho Cabecas por Tipo - 2024 ri caete,20,Tabela 45 - Efetivo de Rebanho Cabecas por Tipo - 2024 ri caete,..\..\Desktop\tabelas-powerBI\9 Rio Caeté\Tabela 45 - Efetivo de Rebanho Cabecas por Tipo - 2024 ri caete.xlsx,Rio Caeté,Suno__matrizes_de_sunos,185.0
Peixe-Boi,-,9 Rio Caeté,45,Efetivo de Rebanho Cabecas por Tipo - 2024 ri caete,20,Tabela 45 - Efetivo de Rebanho Cabecas por Tipo - 2024 ri caete,..\..\Desktop\tabelas-powerBI\9 Rio Caeté\Tabela 45 - Efetivo de Rebanho Cabecas por Tipo - 2024 ri caete.xlsx,Rio Caeté,Suno__matrizes_de_sunos,176.0
Primavera,-,9 Rio Caeté,45,Efetivo de Rebanho Cabecas por Tipo - 2024 ri caete,20,Tabela 45 - Efetivo de Rebanho Cabecas por Tipo - 2024 ri caete,..\..\Desktop\tabelas-powerBI\9 Rio Caeté\Tabela 45 - Efetivo de Rebanho Cabecas por Tipo - 2024 ri caete.xlsx,Rio Caeté,Suno__matrizes_de_sunos,15.0
Quatipuru,-,9 Rio Caeté,45,Efetivo de Rebanho Cabecas por Tipo - 2024 ri caete,20,Tabela 45 - Efetivo de Rebanho Cabecas por Tipo - 2024 ri caete,..\..\Desktop\tabelas-powerBI\9 Rio Caeté\Tabela 45 - Efetivo de Rebanho Cabecas por Tipo - 2024 ri caete.xlsx,Rio Caeté,Suno__matrizes_de_sunos,13.0
Salinópolis,-,9 Rio Caeté,45,Efetivo de Rebanho Cabecas por Tipo - 2024 ri caete,20,Tabela 45 - Efetivo de Rebanho Cabecas por Tipo - 2024 ri caete,..\..\Desktop\tabelas-powerBI\9 Rio Caeté\Tabela 45 - Efetivo de Rebanho Cabecas por Tipo - 2024 ri caete.xlsx,Rio Caeté,Suno__matrizes_de_sunos,22.0
Santa Luzia do Pará,-,9 Rio Caeté,45,Efetivo de Rebanho Cabecas por Tipo - 2024 ri caete,20,Tabela 45 - Efetivo de Rebanho Cabecas por Tipo - 2024 ri caete,..\..\Desktop\tabelas-powerBI\9 Rio Caeté\Tabela 45 - Efetivo de Rebanho Cabecas por Tipo - 2024 ri caete.xlsx,Rio Caeté,Suno__matrizes_de_sunos,79.0
Santarém Novo,-,9 Rio Caeté,45,Efetivo de Rebanho Cabecas por Tipo - 2024 ri caete,20,Tabela 45 - Efetivo de Rebanho Cabecas por Tipo - 2024 ri caete,..\..\Desktop\tabelas-powerBI\9 Rio Caeté\Tabela 45 - Efetivo de Rebanho Cabecas por Tipo - 2024 ri caete.xlsx,Rio Caeté,Suno__matrizes_de_sunos,15.0
São João de Pirabas,-,9 Rio Caeté,45,Efetivo de Rebanho Cabecas por Tipo - 2024 ri caete,20,Tabela 45 - Efetivo de Rebanho Cabecas por Tipo - 2024 ri caete,..\..\Desktop\tabelas-powerBI\9 Rio Caeté\Tabela 45 - Efetivo de Rebanho Cabecas por Tipo - 2024 ri caete.xlsx,Rio Caeté,Suno__matrizes_de_sunos,17.0
Tracuateua,-,9 Rio Caeté,45,Efetivo de Rebanho Cabecas por Tipo - 2024 ri caete,20,Tabela 45 - Efetivo de Rebanho Cabecas por Tipo - 2024 ri caete,..\..\Desktop\tabelas-powerBI\9 Rio Caeté\Tabela 45 - Efetivo de Rebanho Cabecas por Tipo - 2024 ri caete.xlsx,Rio Caeté,Suno__matrizes_de_sunos,118.0
Viseu,-,9 Rio Caeté,45,Efetivo de Rebanho Cabecas por Tipo - 2024 ri caete,20,Tabela 45 - Efetivo de Rebanho Cabecas por Tipo - 2024 ri caete,..\..\Desktop\tabelas-powerBI\9 Rio Caeté\Tabela 45 - Efetivo de Rebanho Cabecas por Tipo - 2024 ri caete.xlsx,Rio Caeté,Suno__matrizes_de_sunos,150.0
Fonte: IBGE/PPM,,9 Rio Caeté,45,Efetivo de Rebanho Cabecas por Tipo - 2024 ri caete,20,Tabela 45 - Efetivo de Rebanho Cabecas por Tipo - 2024 ri caete,..\..\Desktop\tabelas-powerBI\9 Rio Caeté\Tabela 45 - Efetivo de Rebanho Cabecas por Tipo - 2024 ri caete.xlsx,Rio Caeté,Suno__matrizes_de_sunos,
Elaboração: FAPESPA,,9 Rio Caeté,45,Efetivo de Rebanho Cabecas por Tipo - 2024 ri caete,20,Tabela 45 - Efetivo de Rebanho Cabecas por Tipo - 2024 ri caete,..\..\Desktop\tabelas-powerBI\9 Rio Caeté\Tabela 45 - Efetivo de Rebanho Cabecas por Tipo - 2024 ri caete.xlsx,Rio Caeté,Suno__matrizes_de_sunos,
Nota: Os dados divulgados são RESULTADOS PRELIMINARES e podem sofrer alterações até a próxima divulgação,,9 Rio Caeté,45,Efetivo de Rebanho Cabecas por Tipo - 2024 ri caete,20,Tabela 45 - Efetivo de Rebanho Cabecas por Tipo - 2024 ri caete,..\..\Desktop\tabelas-powerBI\9 Rio Caeté\Tabela 45 - Efetivo de Rebanho Cabecas por Tipo - 2024 ri caete.xlsx,Rio Caeté,Suno__matrizes_de_sunos,
Pará,1980,9 Rio Caeté,45,Efetivo de Rebanho Cabecas por Tipo - 2024 ri caete,20,Tabela 45 - Efetivo de Rebanho Cabecas por Tipo - 2024 ri caete,..\..\Desktop\tabelas-powerBI\9 Rio Caeté\Tabela 45 - Efetivo de Rebanho Cabecas por Tipo - 2024 ri caete.xlsx,Rio Caeté,Caprino,61762.0
RI Rio Caeté,630,9 Rio Caeté,45,Efetivo de Rebanho Cabecas por Tipo - 2024 ri caete,20,Tabela 45 - Efetivo de Rebanho Cabecas por Tipo - 2024 ri caete,..\..\Desktop\tabelas-powerBI\9 Rio Caeté\Tabela 45 - Efetivo de Rebanho Cabecas por Tipo - 2024 ri caete.xlsx,Rio Caeté,Caprino,2520.0
Augusto Corrêa,-,9 Rio Caeté,45,Efetivo de Rebanho Cabecas por Tipo - 2024 ri caete,20,Tabela 45 - Efetivo de Rebanho Cabecas por Tipo - 2024 ri caete,..\..\Desktop\tabelas-powerBI\9 Rio Caeté\Tabela 45 - Efetivo de Rebanho Cabecas por Tipo - 2024 ri caete.xlsx,Rio Caeté,Caprino,386.0
Bonito,-,9 Rio Caeté,45,Efetivo de Rebanho Cabecas por Tipo - 2024 ri caete,20,Tabela 45 - Efetivo de Rebanho Cabecas por Tipo - 2024 ri caete,..\..\Desktop\tabelas-powerBI\9 Rio Caeté\Tabela 45 - Efetivo de Rebanho Cabecas por Tipo - 2024 ri caete.xlsx,Rio Caeté,Caprino,
Bragança,-,9 Rio Caeté,45,Efetivo de Rebanho Cabecas por Tipo - 2024 ri caete,20,Tabela 45 - Efetivo de Rebanho Cabecas por Tipo - 2024 ri caete,..\..\Desktop\tabelas-powerBI\9 Rio Caeté\Tabela 45 - Efetivo de Rebanho Cabecas por Tipo - 2024 ri caete.xlsx,Rio Caeté,Caprino,186.0
Cachoeira do Piriá,-,9 Rio Caeté,45,Efetivo de Rebanho Cabecas por Tipo - 2024 ri caete,20,Tabela 45 - Efetivo de Rebanho Cabecas por Tipo - 2024 ri caete,..\..\Desktop\tabelas-powerBI\9 Rio Caeté\Tabela 45 - Efetivo de Rebanho Cabecas por Tipo - 2024 ri caete.xlsx,Rio Caeté,Caprino,442.0
Capanema,630,9 Rio Caeté,45,Efetivo de Rebanho Cabecas por Tipo - 2024 ri caete,20,Tabela 45 - Efetivo de Rebanho Cabecas por Tipo - 2024 ri caete,..\..\Desktop\tabelas-powerBI\9 Rio Caeté\Tabela 45 - Efetivo de Rebanho Cabecas por Tipo - 2024 ri caete.xlsx,Rio Caeté,Caprino,159.0
Nova Timboteua,-,9 Rio Caeté,45,Efetivo de Rebanho Cabecas por Tipo - 2024 ri caete,20,Tabela 45 - Efetivo de Rebanho Cabecas por Tipo - 2024 ri caete,..\..\Desktop\tabelas-powerBI\9 Rio Caeté\Tabela 45 - Efetivo de Rebanho Cabecas por Tipo - 2024 ri caete.xlsx,Rio Caeté,Caprino,49.0
Peixe-Boi,-,9 Rio Caeté,45,Efetivo de Rebanho Cabecas por Tipo - 2024 ri caete,20,Tabela 45 - Efetivo de Rebanho Cabecas por Tipo - 2024 ri caete,..\..\Desktop\tabelas-powerBI\9 Rio Caeté\Tabela 45 - Efetivo de Rebanho Cabecas por Tipo - 2024 ri caete.xlsx,Rio Caeté,Caprino,61.0
Primavera,-,9 Rio Caeté,45,Efetivo de Rebanho Cabecas por Tipo - 2024 ri caete,20,Tabela 45 - Efetivo de Rebanho Cabecas por Tipo - 2024 ri caete,..\..\Desktop\tabelas-powerBI\9 Rio Caeté\Tabela 45 - Efetivo de Rebanho Cabecas por Tipo - 2024 ri caete.xlsx,Rio Caeté,Caprino,16.0
Quatipuru,-,9 Rio Caeté,45,Efetivo de Rebanho Cabecas por Tipo - 2024 ri caete,20,Tabela 45 - Efetivo de Rebanho Cabecas por Tipo - 2024 ri caete,..\..\Desktop\tabelas-powerBI\9 Rio Caeté\Tabela 45 - Efetivo de Rebanho Cabecas por Tipo - 2024 ri caete.xlsx,Rio Caeté,Caprino,2.0
Salinópolis,-,9 Rio Caeté,45,Efetivo de Rebanho Cabecas por Tipo - 2024 ri caete,20,Tabela 45 - Efetivo de Rebanho Cabecas por Tipo - 2024 ri caete,..\..\Desktop\tabelas-powerBI\9 Rio Caeté\Tabela 45 - Efetivo de Rebanho Cabecas por Tipo - 2024 ri caete.xlsx,Rio Caeté,Caprino,
Santa Luzia do Pará,-,9 Rio Caeté,45,Efetivo de Rebanho Cabecas por Tipo - 2024 ri caete,20,Tabela 45 - Efetivo de Rebanho Cabecas por Tipo - 2024 ri caete,..\..\Desktop\tabelas-powerBI\9 Rio Caeté\Tabela 45 - Efetivo de Rebanho Cabecas por Tipo - 2024 ri caete.xlsx,Rio Caeté,Caprino,225.0
Santarém Novo,-,9 Rio Caeté,45,Efetivo de Rebanho Cabecas por Tipo - 2024 ri caete,20,Tabela 45 - Efetivo de Rebanho Cabecas por Tipo - 2024 ri caete,..\..\Desktop\tabelas-powerBI\9 Rio Caeté\Tabela 45 - Efetivo de Rebanho Cabecas por Tipo - 2024 ri caete.xlsx,Rio Caeté,Caprino,1.0
São João de Pirabas,-,9 Rio Caeté,45,Efetivo de Rebanho Cabecas por Tipo - 2024 ri caete,20,Tabela 45 - Efetivo de Rebanho Cabecas por Tipo - 2024 ri caete,..\..\Desktop\tabelas-powerBI\9 Rio Caeté\Tabela 45 - Efetivo de Rebanho Cabecas por Tipo - 2024 ri caete.xlsx,Rio Caeté,Caprino,13.0
Tracuateua,-,9 Rio Caeté,45,Efetivo de Rebanho Cabecas por Tipo - 2024 ri caete,20,Tabela 45 - Efetivo de Rebanho Cabecas por Tipo - 2024 ri caete,..\..\Desktop\tabelas-powerBI\9 Rio Caeté\Tabela 45 - Efetivo de Rebanho Cabecas por Tipo - 2024 ri caete.xlsx,Rio Caeté,Caprino,395.0
Viseu,-,9 Rio Caeté,45,Efetivo de Rebanho Cabecas por Tipo - 2024 ri caete,20,Tabela 45 - Efetivo de Rebanho Cabecas por Tipo - 2024 ri caete,..\..\Desktop\tabelas-powerBI\9 Rio Caeté\Tabela 45 - Efetivo de Rebanho Cabecas por Tipo - 2024 ri caete.xlsx,Rio Caeté,Caprino,585.0
Fonte: IBGE/PPM,,9 Rio Caeté,45,Efetivo de Rebanho Cabecas por Tipo - 2024 ri caete,20,Tabela 45 - Efetivo de Rebanho Cabecas por Tipo - 2024 ri caete,..\..\Desktop\tabelas-powerBI\9 Rio Caeté\Tabela 45 - Efetivo de Rebanho Cabecas por Tipo - 2024 ri caete.xlsx,Rio Caeté,Caprino,
Elaboração: FAPESPA,,9 Rio Caeté,45,Efetivo de Rebanho Cabecas por Tipo - 2024 ri caete,20,Tabela 45 - Efetivo de Rebanho Cabecas por Tipo - 2024 ri caete,..\..\Desktop\tabelas-powerBI\9 Rio Caeté\Tabela 45 - Efetivo de Rebanho Cabecas por Tipo - 2024 ri caete.xlsx,Rio Caeté,Caprino,
Nota: Os dados divulgados são RESULTADOS PRELIMINARES e podem sofrer alterações até a próxima divulgação,,9 Rio Caeté,45,Efetivo de Rebanho Cabecas por Tipo - 2024 ri caete,20,Tabela 45 - Efetivo de Rebanho Cabecas por Tipo - 2024 ri caete,..\..\Desktop\tabelas-powerBI\9 Rio Caeté\Tabela 45 - Efetivo de Rebanho Cabecas por Tipo - 2024 ri caete.xlsx,Rio Caeté,Caprino,
Pará,1980,9 Rio Caeté,45,Efetivo de Rebanho Cabecas por Tipo - 2024 ri caete,20,Tabela 45 - Efetivo de Rebanho Cabecas por Tipo - 2024 ri caete,..\..\Desktop\tabelas-powerBI\9 Rio Caeté\Tabela 45 - Efetivo de Rebanho Cabecas por Tipo - 2024 ri caete.xlsx,Rio Caeté,Ovino,284632.0
RI Rio Caeté,630,9 Rio Caeté,45,Efetivo de Rebanho Cabecas por Tipo - 2024 ri caete,20,Tabela 45 - Efetivo de Rebanho Cabecas por Tipo - 2024 ri caete,..\..\Desktop\tabelas-powerBI\9 Rio Caeté\Tabela 45 - Efetivo de Rebanho Cabecas por Tipo - 2024 ri caete.xlsx,Rio Caeté,Ovino,6924.0
Augusto Corrêa,-,9 Rio Caeté,45,Efetivo de Rebanho Cabecas por Tipo - 2024 ri caete,20,Tabela 45 - Efetivo de Rebanho Cabecas por Tipo - 2024 ri caete,..\..\Desktop\tabelas-powerBI\9 Rio Caeté\Tabela 45 - Efetivo de Rebanho Cabecas por Tipo - 2024 ri caete.xlsx,Rio Caeté,Ovino,280.0
Bonito,-,9 Rio Caeté,45,Efetivo de Rebanho Cabecas por Tipo - 2024 ri caete,20,Tabela 45 - Efetivo de Rebanho Cabecas por Tipo - 2024 ri caete,..\..\Desktop\tabelas-powerBI\9 Rio Caeté\Tabela 45 - Efetivo de Rebanho Cabecas por Tipo - 2024 ri caete.xlsx,Rio Caeté,Ovino,160.0
Bragança,-,9 Rio Caeté,45,Efetivo de Rebanho Cabecas por Tipo - 2024 ri caete,20,Tabela 45 - Efetivo de Rebanho Cabecas por Tipo - 2024 ri caete,..\..\Desktop\tabelas-powerBI\9 Rio Caeté\Tabela 45 - Efetivo de Rebanho Cabecas por Tipo - 2024 ri caete.xlsx,Rio Caeté,Ovino,668.0
Cachoeira do Piriá,-,9 Rio Caeté,45,Efetivo de Rebanho Cabecas por Tipo - 2024 ri caete,20,Tabela 45 - Efetivo de Rebanho Cabecas por Tipo - 2024 ri caete,..\..\Desktop\tabelas-powerBI\9 Rio Caeté\Tabela 45 - Efetivo de Rebanho Cabecas por Tipo - 2024 ri caete.xlsx,Rio Caeté,Ovino,1065.0
Capanema,630,9 Rio Caeté,45,Efetivo de Rebanho Cabecas por Tipo - 2024 ri caete,20,Tabela 45 - Efetivo de Rebanho Cabecas por Tipo - 2024 ri caete,..\..\Desktop\tabelas-powerBI\9 Rio Caeté\Tabela 45 - Efetivo de Rebanho Cabecas por Tipo - 2024 ri caete.xlsx,Rio Caeté,Ovino,731.0
Nova Timboteua,-,9 Rio Caeté,45,Efetivo de Rebanho Cabecas por Tipo - 2024 ri caete,20,Tabela 45 - Efetivo de Rebanho Cabecas por Tipo - 2024 ri caete,..\..\Desktop\tabelas-powerBI\9 Rio Caeté\Tabela 45 - Efetivo de Rebanho Cabecas por Tipo - 2024 ri caete.xlsx,Rio Caeté,Ovino,447.0
Peixe-Boi,-,9 Rio Caeté,45,Efetivo de Rebanho Cabecas por Tipo - 2024 ri caete,20,Tabela 45 - Efetivo de Rebanho Cabecas por Tipo - 2024 ri caete,..\..\Desktop\tabelas-powerBI\9 Rio Caeté\Tabela 45 - Efetivo de Rebanho Cabecas por Tipo - 2024 ri caete.xlsx,Rio Caeté,Ovino,784.0
Primavera,-,9 Rio Caeté,45,Efetivo de Rebanho Cabecas por Tipo - 2024 ri caete,20,Tabela 45 - Efetivo de Rebanho Cabecas por Tipo - 2024 ri caete,..\..\Desktop\tabelas-powerBI\9 Rio Caeté\Tabela 45 - Efetivo de Rebanho Cabecas por Tipo - 2024 ri caete.xlsx,Rio Caeté,Ovino,34.0
Quatipuru,-,9 Rio Caeté,45,Efetivo de Rebanho Cabecas por Tipo - 2024 ri caete,20,Tabela 45 - Efetivo de Rebanho Cabecas por Tipo - 2024 ri caete,..\..\Desktop\tabelas-powerBI\9 Rio Caeté\Tabela 45 - Efetivo de Rebanho Cabecas por Tipo - 2024 ri caete.xlsx,Rio Caeté,Ovino,6.0
Salinópolis,-,9 Rio Caeté,45,Efetivo de Rebanho Cabecas por Tipo - 2024 ri caete,20,Tabela 45 - Efetivo de Rebanho Cabecas por Tipo - 2024 ri caete,..\..\Desktop\tabelas-powerBI\9 Rio Caeté\Tabela 45 - Efetivo de Rebanho Cabecas por Tipo - 2024 ri caete.xlsx,Rio Caeté,Ovino,111.0
Santa Luzia do Pará,-,9 Rio Caeté,45,Efetivo de Rebanho Cabecas por Tipo - 2024 ri caete,20,Tabela 45 - Efetivo de Rebanho Cabecas por Tipo - 2024 ri caete,..\..\Desktop\tabelas-powerBI\9 Rio Caeté\Tabela 45 - Efetivo de Rebanho Cabecas por Tipo - 2024 ri caete.xlsx,Rio Caeté,Ovino,1005.0
Santarém Novo,-,9 Rio Caeté,45,Efetivo de Rebanho Cabecas por Tipo - 2024 ri caete,20,Tabela 45 - Efetivo de Rebanho Cabecas por Tipo - 2024 ri caete,..\..\Desktop\tabelas-powerBI\9 Rio Caeté\Tabela 45 - Efetivo de Rebanho Cabecas por Tipo - 2024 ri caete.xlsx,Rio Caeté,Ovino,24.0
São João de Pirabas,-,9 Rio Caeté,45,Efetivo de Rebanho Cabecas por Tipo - 2024 ri caete,20,Tabela 45 - Efetivo de Rebanho Cabecas por Tipo - 2024 ri caete,..\..\Desktop\tabelas-powerBI\9 Rio Caeté\Tabela 45 - Efetivo de Rebanho Cabecas por Tipo - 2024 ri caete.xlsx,Rio Caeté,Ovino,157.0
Tracuateua,-,9 Rio Caeté,45,Efetivo de Rebanho Cabecas por Tipo - 2024 ri caete,20,Tabela 45 - Efetivo de Rebanho Cabecas por Tipo - 2024 ri caete,..\..\Desktop\tabelas-powerBI\9 Rio Caeté\Tabela 45 - Efetivo de Rebanho Cabecas por Tipo - 2024 ri caete.xlsx,Rio Caeté,Ovino,248.0
Viseu,-,9 Rio Caeté,45,Efetivo de Rebanho Cabecas por Tipo - 2024 ri caete,20,Tabela 45 - Efetivo de Rebanho Cabecas por Tipo - 2024 ri caete,..\..\Desktop\tabelas-powerBI\9 Rio Caeté\Tabela 45 - Efetivo de Rebanho Cabecas por Tipo - 2024 ri caete.xlsx,Rio Caeté,Ovino,1204.0
Fonte: IBGE/PPM,,9 Rio Caeté,45,Efetivo de Rebanho Cabecas por Tipo - 2024 ri caete,20,Tabela 45 - Efetivo de Rebanho Cabecas por Tipo - 2024 ri caete,..\..\Desktop\tabelas-powerBI\9 Rio Caeté\Tabela 45 - Efetivo de Rebanho Cabecas por Tipo - 2024 ri caete.xlsx,Rio Caeté,Ovino,
Elaboração: FAPESPA,,9 Rio Caeté,45,Efetivo de Rebanho Cabecas por Tipo - 2024 ri caete,20,Tabela 45 - Efetivo de Rebanho Cabecas por Tipo - 2024 ri caete,..\..\Desktop\tabelas-powerBI\9 Rio Caeté\Tabela 45 - Efetivo de Rebanho Cabecas por Tipo - 2024 ri caete.xlsx,Rio Caeté,Ovino,
Nota: Os dados divulgados são RESULTADOS PRELIMINARES e podem sofrer alterações até a próxima divulgação,,9 Rio Caeté,45,Efetivo de Rebanho Cabecas por Tipo - 2024 ri caete,20,Tabela 45 - Efetivo de Rebanho Cabecas por Tipo - 2024 ri caete,..\..\Desktop\tabelas-powerBI\9 Rio Caeté\Tabela 45 - Efetivo de Rebanho Cabecas por Tipo - 2024 ri caete.xlsx,Rio Caeté,Ovino,
Pará,1980,9 Rio Caeté,45,Efetivo de Rebanho Cabecas por Tipo - 2024 ri caete,20,Tabela 45 - Efetivo de Rebanho Cabecas por Tipo - 2024 ri caete,..\..\Desktop\tabelas-powerBI\9 Rio Caeté\Tabela 45 - Efetivo de Rebanho Cabecas por Tipo - 2024 ri caete.xlsx,Rio Caeté,Galinceos__Total,26827658.0
RI Rio Caeté,630,9 Rio Caeté,45,Efetivo de Rebanho Cabecas por Tipo - 2024 ri caete,20,Tabela 45 - Efetivo de Rebanho Cabecas por Tipo - 2024 ri caete,..\..\Desktop\tabelas-powerBI\9 Rio Caeté\Tabela 45 - Efetivo de Rebanho Cabecas por Tipo - 2024 ri caete.xlsx,Rio Caeté,Galinceos__Total,496390.0
Augusto Corrêa,-,9 Rio Caeté,45,Efetivo de Rebanho Cabecas por Tipo - 2024 ri caete,20,Tabela 45 - Efetivo de Rebanho Cabecas por Tipo - 2024 ri caete,..\..\Desktop\tabelas-powerBI\9 Rio Caeté\Tabela 45 - Efetivo de Rebanho Cabecas por Tipo - 2024 ri caete.xlsx,Rio Caeté,Galinceos__Total,24760.0
Bonito,-,9 Rio Caeté,45,Efetivo de Rebanho Cabecas por Tipo - 2024 ri caete,20,Tabela 45 - Efetivo de Rebanho Cabecas por Tipo - 2024 ri caete,..\..\Desktop\tabelas-powerBI\9 Rio Caeté\Tabela 45 - Efetivo de Rebanho Cabecas por Tipo - 2024 ri caete.xlsx,Rio Caeté,Galinceos__Total,9280.0
Bragança,-,9 Rio Caeté,45,Efetivo de Rebanho Cabecas por Tipo - 2024 ri caete,20,Tabela 45 - Efetivo de Rebanho Cabecas por Tipo - 2024 ri caete,..\..\Desktop\tabelas-powerBI\9 Rio Caeté\Tabela 45 - Efetivo de Rebanho Cabecas por Tipo - 2024 ri caete.xlsx,Rio Caeté,Galinceos__Total,286500.0
Cachoeira do Piriá,-,9 Rio Caeté,45,Efetivo de Rebanho Cabecas por Tipo - 2024 ri caete,20,Tabela 45 - Efetivo de Rebanho Cabecas por Tipo - 2024 ri caete,..\..\Desktop\tabelas-powerBI\9 Rio Caeté\Tabela 45 - Efetivo de Rebanho Cabecas por Tipo - 2024 ri caete.xlsx,Rio Caeté,Galinceos__Total,28600.0
Capanema,630,9 Rio Caeté,45,Efetivo de Rebanho Cabecas por Tipo - 2024 ri caete,20,Tabela 45 - Efetivo de Rebanho Cabecas por Tipo - 2024 ri caete,..\..\Desktop\tabelas-powerBI\9 Rio Caeté\Tabela 45 - Efetivo de Rebanho Cabecas por Tipo - 2024 ri caete.xlsx,Rio Caeté,Galinceos__Total,11583.0
Nova Timboteua,-,9 Rio Caeté,45,Efetivo de Rebanho Cabecas por Tipo - 2024 ri caete,20,Tabela 45 - Efetivo de Rebanho Cabecas por Tipo - 2024 ri caete,..\..\Desktop\tabelas-powerBI\9 Rio Caeté\Tabela 45 - Efetivo de Rebanho Cabecas por Tipo - 2024 ri caete.xlsx,Rio Caeté,Galinceos__Total,20476.0
Peixe-Boi,-,9 Rio Caeté,45,Efetivo de Rebanho Cabecas por Tipo - 2024 ri caete,20,Tabela 45 - Efetivo de Rebanho Cabecas por Tipo - 2024 ri caete,..\..\Desktop\tabelas-powerBI\9 Rio Caeté\Tabela 45 - Efetivo de Rebanho Cabecas por Tipo - 2024 ri caete.xlsx,Rio Caeté,Galinceos__Total,8037.0
Primavera,-,9 Rio Caeté,45,Efetivo de Rebanho Cabecas por Tipo - 2024 ri caete,20,Tabela 45 - Efetivo de Rebanho Cabecas por Tipo - 2024 ri caete,..\..\Desktop\tabelas-powerBI\9 Rio Caeté\Tabela 45 - Efetivo de Rebanho Cabecas por Tipo - 2024 ri caete.xlsx,Rio Caeté,Galinceos__Total,3315.0
Quatipuru,-,9 Rio Caeté,45,Efetivo de Rebanho Cabecas por Tipo - 2024 ri caete,20,Tabela 45 - Efetivo de Rebanho Cabecas por Tipo - 2024 ri caete,..\..\Desktop\tabelas-powerBI\9 Rio Caeté\Tabela 45 - Efetivo de Rebanho Cabecas por Tipo - 2024 ri caete.xlsx,Rio Caeté,Galinceos__Total,2365.0
Salinópolis,-,9 Rio Caeté,45,Efetivo de Rebanho Cabecas por Tipo - 2024 ri caete,20,Tabela 45 - Efetivo de Rebanho Cabecas por Tipo - 2024 ri caete,..\..\Desktop\tabelas-powerBI\9 Rio Caeté\Tabela 45 - Efetivo de Rebanho Cabecas por Tipo - 2024 ri caete.xlsx,Rio Caeté,Galinceos__Total,2980.0
Santa Luzia do Pará,-,9 Rio Caeté,45,Efetivo de Rebanho Cabecas por Tipo - 2024 ri caete,20,Tabela 45 - Efetivo de Rebanho Cabecas por Tipo - 2024 ri caete,..\..\Desktop\tabelas-powerBI\9 Rio Caeté\Tabela 45 - Efetivo de Rebanho Cabecas por Tipo - 2024 ri caete.xlsx,Rio Caeté,Galinceos__Total,13660.0
Santarém Novo,-,9 Rio Caeté,45,Efetivo de Rebanho Cabecas por Tipo - 2024 ri caete,20,Tabela 45 - Efetivo de Rebanho Cabecas por Tipo - 2024 ri caete,..\..\Desktop\tabelas-powerBI\9 Rio Caeté\Tabela 45 - Efetivo de Rebanho Cabecas por Tipo - 2024 ri caete.xlsx,Rio Caeté,Galinceos__Total,1988.0
São João de Pirabas,-,9 Rio Caeté,45,Efetivo de Rebanho Cabecas por Tipo - 2024 ri caete,20,Tabela 45 - Efetivo de Rebanho Cabecas por Tipo - 2024 ri caete,..\..\Desktop\tabelas-powerBI\9 Rio Caeté\Tabela 45 - Efetivo de Rebanho Cabecas por Tipo - 2024 ri caete.xlsx,Rio Caeté,Galinceos__Total,4726.0
Tracuateua,-,9 Rio Caeté,45,Efetivo de Rebanho Cabecas por Tipo - 2024 ri caete,20,Tabela 45 - Efetivo de Rebanho Cabecas por Tipo - 2024 ri caete,..\..\Desktop\tabelas-powerBI\9 Rio Caeté\Tabela 45 - Efetivo de Rebanho Cabecas por Tipo - 2024 ri caete.xlsx,Rio Caeté,Galinceos__Total,29800.0
Viseu,-,9 Rio Caeté,45,Efetivo de Rebanho Cabecas por Tipo - 2024 ri caete,20,Tabela 45 - Efetivo de Rebanho Cabecas por Tipo - 2024 ri caete,..\..\Desktop\tabelas-powerBI\9 Rio Caeté\Tabela 45 - Efetivo de Rebanho Cabecas por Tipo - 2024 ri caete.xlsx,Rio Caeté,Galinceos__Total,48320.0
Fonte: IBGE/PPM,,9 Rio Caeté,45,Efetivo de Rebanho Cabecas por Tipo - 2024 ri caete,20,Tabela 45 - Efetivo de Rebanho Cabecas por Tipo - 2024 ri caete,..\..\Desktop\tabelas-powerBI\9 Rio Caeté\Tabela 45 - Efetivo de Rebanho Cabecas por Tipo - 2024 ri caete.xlsx,Rio Caeté,Galinceos__Total,
Elaboração: FAPESPA,,9 Rio Caeté,45,Efetivo de Rebanho Cabecas por Tipo - 2024 ri caete,20,Tabela 45 - Efetivo de Rebanho Cabecas por Tipo - 2024 ri caete,..\..\Desktop\tabelas-powerBI\9 Rio Caeté\Tabela 45 - Efetivo de Rebanho Cabecas por Tipo - 2024 ri caete.xlsx,Rio Caeté,Galinceos__Total,
Nota: Os dados divulgados são RESULTADOS PRELIMINARES e podem sofrer alterações até a próxima divulgação,,9 Rio Caeté,45,Efetivo de Rebanho Cabecas por Tipo - 2024 ri caete,20,Tabela 45 - Efetivo de Rebanho Cabecas por Tipo - 2024 ri caete,..\..\Desktop\tabelas-powerBI\9 Rio Caeté\Tabela 45 - Efetivo de Rebanho Cabecas por Tipo - 2024 ri caete.xlsx,Rio Caeté,Galinceos__Total,
Pará,1980,9 Rio Caeté,45,Efetivo de Rebanho Cabecas por Tipo - 2024 ri caete,20,Tabela 45 - Efetivo de Rebanho Cabecas por Tipo - 2024 ri caete,..\..\Desktop\tabelas-powerBI\9 Rio Caeté\Tabela 45 - Efetivo de Rebanho Cabecas por Tipo - 2024 ri caete.xlsx,Rio Caeté,Galinceos__galinhas,2955828.0
RI Rio Caeté,630,9 Rio Caeté,45,Efetivo de Rebanho Cabecas por Tipo - 2024 ri caete,20,Tabela 45 - Efetivo de Rebanho Cabecas por Tipo - 2024 ri caete,..\..\Desktop\tabelas-powerBI\9 Rio Caeté\Tabela 45 - Efetivo de Rebanho Cabecas por Tipo - 2024 ri caete.xlsx,Rio Caeté,Galinceos__galinhas,47116.0
Augusto Corrêa,-,9 Rio Caeté,45,Efetivo de Rebanho Cabecas por Tipo - 2024 ri caete,20,Tabela 45 - Efetivo de Rebanho Cabecas por Tipo - 2024 ri caete,..\..\Desktop\tabelas-powerBI\9 Rio Caeté\Tabela 45 - Efetivo de Rebanho Cabecas por Tipo - 2024 ri caete.xlsx,Rio Caeté,Galinceos__galinhas,1820.0
Bonito,-,9 Rio Caeté,45,Efetivo de Rebanho Cabecas por Tipo - 2024 ri caete,20,Tabela 45 - Efetivo de Rebanho Cabecas por Tipo - 2024 ri caete,..\..\Desktop\tabelas-powerBI\9 Rio Caeté\Tabela 45 - Efetivo de Rebanho Cabecas por Tipo - 2024 ri caete.xlsx,Rio Caeté,Galinceos__galinhas,2190.0
Bragança,-,9 Rio Caeté,45,Efetivo de Rebanho Cabecas por Tipo - 2024 ri caete,20,Tabela 45 - Efetivo de Rebanho Cabecas por Tipo - 2024 ri caete,..\..\Desktop\tabelas-powerBI\9 Rio Caeté\Tabela 45 - Efetivo de Rebanho Cabecas por Tipo - 2024 ri caete.xlsx,Rio Caeté,Galinceos__galinhas,11600.0
Cachoeira do Piriá,-,9 Rio Caeté,45,Efetivo de Rebanho Cabecas por Tipo - 2024 ri caete,20,Tabela 45 - Efetivo de Rebanho Cabecas por Tipo - 2024 ri caete,..\..\Desktop\tabelas-powerBI\9 Rio Caeté\Tabela 45 - Efetivo de Rebanho Cabecas por Tipo - 2024 ri caete.xlsx,Rio Caeté,Galinceos__galinhas,2620.0
Capanema,630,9 Rio Caeté,45,Efetivo de Rebanho Cabecas por Tipo - 2024 ri caete,20,Tabela 45 - Efetivo de Rebanho Cabecas por Tipo - 2024 ri caete,..\..\Desktop\tabelas-powerBI\9 Rio Caeté\Tabela 45 - Efetivo de Rebanho Cabecas por Tipo - 2024 ri caete.xlsx,Rio Caeté,Galinceos__galinhas,3375.0
Nova Timboteua,-,9 Rio Caeté,45,Efetivo de Rebanho Cabecas por Tipo - 2024 ri caete,20,Tabela 45 - Efetivo de Rebanho Cabecas por Tipo - 2024 ri caete,..\..\Desktop\tabelas-powerBI\9 Rio Caeté\Tabela 45 - Efetivo de Rebanho Cabecas por Tipo - 2024 ri caete.xlsx,Rio Caeté,Galinceos__galinhas,4446.0
Peixe-Boi,-,9 Rio Caeté,45,Efetivo de Rebanho Cabecas por Tipo - 2024 ri caete,20,Tabela 45 - Efetivo de Rebanho Cabecas por Tipo - 2024 ri caete,..\..\Desktop\tabelas-powerBI\9 Rio Caeté\Tabela 45 - Efetivo de Rebanho Cabecas por Tipo - 2024 ri caete.xlsx,Rio Caeté,Galinceos__galinhas,3890.0
Primavera,-,9 Rio Caeté,45,Efetivo de Rebanho Cabecas por Tipo - 2024 ri caete,20,Tabela 45 - Efetivo de Rebanho Cabecas por Tipo - 2024 ri caete,..\..\Desktop\tabelas-powerBI\9 Rio Caeté\Tabela 45 - Efetivo de Rebanho Cabecas por Tipo - 2024 ri caete.xlsx,Rio Caeté,Galinceos__galinhas,997.0
Quatipuru,-,9 Rio Caeté,45,Efetivo de Rebanho Cabecas por Tipo - 2024 ri caete,20,Tabela 45 - Efetivo de Rebanho Cabecas por Tipo - 2024 ri caete,..\..\Desktop\tabelas-powerBI\9 Rio Caeté\Tabela 45 - Efetivo de Rebanho Cabecas por Tipo - 2024 ri caete.xlsx,Rio Caeté,Galinceos__galinhas,900.0
Salinópolis,-,9 Rio Caeté,45,Efetivo de Rebanho Cabecas por Tipo - 2024 ri caete,20,Tabela 45 - Efetivo de Rebanho Cabecas por Tipo - 2024 ri caete,..\..\Desktop\tabelas-powerBI\9 Rio Caeté\Tabela 45 - Efetivo de Rebanho Cabecas por Tipo - 2024 ri caete.xlsx,Rio Caeté,Galinceos__galinhas,1024.0
Santa Luzia do Pará,-,9 Rio Caeté,45,Efetivo de Rebanho Cabecas por Tipo - 2024 ri caete,20,Tabela 45 - Efetivo de Rebanho Cabecas por Tipo - 2024 ri caete,..\..\Desktop\tabelas-powerBI\9 Rio Caeté\Tabela 45 - Efetivo de Rebanho Cabecas por Tipo - 2024 ri caete.xlsx,Rio Caeté,Galinceos__galinhas,4114.0
Santarém Novo,-,9 Rio Caeté,45,Efetivo de Rebanho Cabecas por Tipo - 2024 ri caete,20,Tabela 45 - Efetivo de Rebanho Cabecas por Tipo - 2024 ri caete,..\..\Desktop\tabelas-powerBI\9 Rio Caeté\Tabela 45 - Efetivo de Rebanho Cabecas por Tipo - 2024 ri caete.xlsx,Rio Caeté,Galinceos__galinhas,700.0
São João de Pirabas,-,9 Rio Caeté,45,Efetivo de Rebanho Cabecas por Tipo - 2024 ri caete,20,Tabela 45 - Efetivo de Rebanho Cabecas por Tipo - 2024 ri caete,..\..\Desktop\tabelas-powerBI\9 Rio Caeté\Tabela 45 - Efetivo de Rebanho Cabecas por Tipo - 2024 ri caete.xlsx,Rio Caeté,Galinceos__galinhas,640.0
Tracuateua,-,9 Rio Caeté,45,Efetivo de Rebanho Cabecas por Tipo - 2024 ri caete,20,Tabela 45 - Efetivo de Rebanho Cabecas por Tipo - 2024 ri caete,..\..\Desktop\tabelas-powerBI\9 Rio Caeté\Tabela 45 - Efetivo de Rebanho Cabecas por Tipo - 2024 ri caete.xlsx,Rio Caeté,Galinceos__galinhas,3590.0
Viseu,-,9 Rio Caeté,45,Efetivo de Rebanho Cabecas por Tipo - 2024 ri caete,20,Tabela 45 - Efetivo de Rebanho Cabecas por Tipo - 2024 ri caete,..\..\Desktop\tabelas-powerBI\9 Rio Caeté\Tabela 45 - Efetivo de Rebanho Cabecas por Tipo - 2024 ri caete.xlsx,Rio Caeté,Galinceos__galinhas,5210.0
Fonte: IBGE/PPM,,9 Rio Caeté,45,Efetivo de Rebanho Cabecas por Tipo - 2024 ri caete,20,Tabela 45 - Efetivo de Rebanho Cabecas por Tipo - 2024 ri caete,..\..\Desktop\tabelas-powerBI\9 Rio Caeté\Tabela 45 - Efetivo de Rebanho Cabecas por Tipo - 2024 ri caete.xlsx,Rio Caeté,Galinceos__galinhas,
Elaboração: FAPESPA,,9 Rio Caeté,45,Efetivo de Rebanho Cabecas por Tipo - 2024 ri caete,20,Tabela 45 - Efetivo de Rebanho Cabecas por Tipo - 2024 ri caete,..\..\Desktop\tabelas-powerBI\9 Rio Caeté\Tabela 45 - Efetivo de Rebanho Cabecas por Tipo - 2024 ri caete.xlsx,Rio Caeté,Galinceos__galinhas,
Nota: Os dados divulgados são RESULTADOS PRELIMINARES e podem sofrer alterações até a próxima divulgação,,9 Rio Caeté,45,Efetivo de Rebanho Cabecas por Tipo - 2024 ri caete,20,Tabela 45 - Efetivo de Rebanho Cabecas por Tipo - 2024 ri caete,..\..\Desktop\tabelas-powerBI\9 Rio Caeté\Tabela 45 - Efetivo de Rebanho Cabecas por Tipo - 2024 ri caete.xlsx,Rio Caeté,Galinceos__galinhas,
